iform,regsize,mask,Throughput,Latency
ADC_AL_IMMb,-,no,0.5,1
ADC_GPRv_MEMv,16,no,0.5,6
ADC_GPR8_GPR8_12,-,no,0.5,1
ADC_GPRv_IMMz,16,no,0.5,1
ADC_GPRv_GPRv_13,16,no,0.5,1
ADC_MEMb_GPR8,-,no,,7
ADC_MEMv_GPRv,32,no,,7
ADC_GPRv_MEMv,32,no,0.5,6
ADC_GPRv_IMMz,32,no,0.5,1
ADC_GPRv_GPRv_13,32,no,0.5,1
ADC_GPRv_IMMb,32,no,0.5,1
ADC_MEMv_GPRv,64,no,,7
ADC_GPR8_GPR8_10,-,no,0.5,1
ADC_GPR8_MEMb,-,no,0.5,6
ADC_GPRv_GPRv_11,32,no,0.5,1
ADC_GPRv_GPRv_11,16,no,0.5,1
ADC_GPRv_IMMz,64,no,0.5,1
ADC_GPRv_MEMv,64,no,0.5,6
ADC_GPRv_IMMb,64,no,0.5,1
ADC_GPRv_GPRv_11,64,no,0.5,1
ADC_GPRv_GPRv_13,64,no,0.5,1
ADC_GPR8_IMMb_80r2,-,no,0.5,1
ADC_GPRv_IMMb,16,no,0.5,1
ADC_MEMv_GPRv,16,no,,7
ADCX_GPR32d_GPR32d,-,no,0.5,1
ADCX_GPR32d_MEMd,-,no,0.5,6
ADCX_GPR64q_GPR64q,-,no,0.5,1
ADCX_GPR64q_MEMq,-,no,0.5,6
ADD_AL_IMMb,-,no,0.2,1
ADD_GPRv_MEMv,16,no,0.333333333,6
ADD_GPRv_IMMz,16,no,0.2,1
ADD_GPRv_GPRv_03,16,no,0.2,1
ADD_GPR8_IMMb_80r0,-,no,0.2,1
ADD_MEMb_GPR8,-,no,,7
ADD_MEMb_IMMb_80r0,-,no,0.5,7
ADD_GPR8_GPR8_02,-,no,0.2,1
ADD_MEMv_IMMz,32,no,0.5,7
ADD_MEMv_IMMb,32,no,0.5,7
ADD_MEMv_GPRv,32,no,,7
ADD_GPRv_MEMv,32,no,0.333333333,6
ADD_GPRv_IMMz,32,no,0.2,1
ADD_GPRv_GPRv_03,32,no,0.2,1
ADD_GPRv_IMMb,32,no,0.2,1
ADD_MEMv_GPRv,64,no,,7
ADD_MEMv_IMMb,64,no,0.5,7
ADD_MEMv_IMMz,64,no,0.5,7
ADD_GPRv_GPRv_01,64,no,0.2,1
ADD_GPRv_GPRv_03,64,no,0.2,1
ADD_GPRv_IMMb,64,no,0.2,
ADD_GPR8_GPR8_00,-,no,0.2,1
ADD_GPRv_MEMv,64,no,0.333333333,6
ADD_GPRv_GPRv_01,32,no,0.2,1
ADD_GPRv_GPRv_01,16,no,0.2,1
ADD_GPR8_MEMb,-,no,0.333333333,6
ADD_GPRv_IMMz,64,no,0.2,
ADD_GPRv_IMMb,16,no,0.2,1
ADD_MEMv_IMMb,16,no,0.5,7
ADD_MEMv_IMMz,16,no,0.5,7
ADD_MEMv_GPRv,16,no,,7
ADDPD_XMMpd_MEMpd,-,no,0.5,9
ADDPD_XMMpd_XMMpd,-,no,0.5,2
ADDPS_XMMps_MEMps,-,no,0.5,
ADDPS_XMMps_XMMps,-,no,0.5,
ADDSD_XMMsd_MEMsd,-,no,0.5,9
ADDSD_XMMsd_XMMsd,-,no,0.5,2
ADDSS_XMMss_MEMss,-,no,0.5,9
ADDSS_XMMss_XMMss,-,no,0.5,2
ADDSUBPD_XMMpd_MEMpd,-,no,0.5,9
ADDSUBPD_XMMpd_XMMpd,-,no,0.5,2
ADDSUBPS_XMMps_XMMps,-,no,0.5,2
ADDSUBPS_XMMps_MEMps,-,no,0.5,9
ADOX_GPR32d_MEMd,-,no,0.5,6
ADOX_GPR32d_GPR32d,-,no,0.5,1
ADOX_GPR64q_MEMq,-,no,0.5,6
ADOX_GPR64q_GPR64q,-,no,0.5,1
AESDEC_XMMdq_XMMdq,-,no,0.5,3
AESDEC_XMMdq_MEMdq,-,no,0.5,11
AESDECLAST_XMMdq_XMMdq,-,no,0.5,3
AESDECLAST_XMMdq_MEMdq,-,no,0.5,11
AESENC_XMMdq_XMMdq,-,no,0.5,3
AESENC_XMMdq_MEMdq,-,no,0.5,11
AESENCLAST_XMMdq_XMMdq,-,no,0.5,3
AESENCLAST_XMMdq_MEMdq,-,no,0.5,11
AESIMC_XMMdq_XMMdq,-,no,1,6
AESIMC_XMMdq_MEMdq,-,no,1,14
AND_AL_IMMb,-,no,0.2,1
AND_GPRv_GPRv_23,16,no,0.2,1
AND_GPRv_IMMz,16,no,0.2,1
AND_MEMb_GPR8,-,no,0.5,7
AND_MEMb_IMMb_80r4,-,no,0.5,7
AND_GPR8_IMMb_80r4,-,no,0.2,1
AND_MEMv_IMMz,32,no,0.5,7
AND_MEMv_IMMb,32,no,0.5,7
AND_MEMv_GPRv,32,no,0.5,7
AND_GPRv_MEMv,16,no,0.333333333,6
AND_GPRv_GPRv_23,32,no,0.2,1
AND_GPRv_IMMz,32,no,0.2,1
AND_GPRv_MEMv,32,no,0.333333333,6
AND_GPRv_IMMb,32,no,0.2,1
AND_MEMv_GPRv,64,no,0.5,7
AND_MEMv_IMMb,64,no,0.5,7
AND_MEMv_IMMz,64,no,0.5,7
AND_GPRv_GPRv_21,64,no,0.2,1
AND_GPRv_IMMb,64,no,0.2,1
AND_GPR8_GPR8_22,-,no,0.2,1
AND_GPR8_MEMb,-,no,0.333333333,6
AND_GPRv_GPRv_21,32,no,0.2,1
AND_GPRv_GPRv_21,16,no,0.2,1
AND_GPRv_IMMz,64,no,0.2,1
AND_GPR8_GPR8_20,-,no,0.2,1
AND_GPRv_MEMv,64,no,0.333333333,6
AND_GPRv_GPRv_23,64,no,0.2,1
AND_GPRv_IMMb,16,no,0.2,1
AND_MEMv_IMMb,16,no,0.5,7
AND_MEMv_IMMz,16,no,0.5,7
AND_MEMv_GPRv,16,no,0.5,7
ANDN_VGPR32d_VGPR32d_VGPR32d,-,no,0.333333333,1
ANDN_VGPR32d_VGPR32d_MEMd,-,no,0.333333333,6
ANDN_VGPR64q_VGPR64q_MEMq,-,no,0.333333333,6
ANDN_VGPR64q_VGPR64q_VGPR64q,-,no,0.333333333,1
ANDNPD_XMMxuq_XMMxuq,-,no,0.333333333,1
ANDNPD_XMMxuq_MEMxuq,-,no,0.333333333,7
ANDNPS_XMMxud_XMMxud,-,no,0.333333333,1
ANDNPS_XMMxud_MEMxud,-,no,0.333333333,7
ANDPD_XMMxuq_MEMxuq,-,no,0.333333333,7
ANDPD_XMMxuq_XMMxuq,-,no,0.333333333,1
ANDPS_XMMxud_MEMxud,-,no,0.333333333,7
ANDPS_XMMxud_XMMxud,-,no,0.333333333,1
BEXTR_VGPR32d_VGPR32d_VGPR32d,-,no,1,2
BEXTR_VGPR32d_MEMd_VGPR32d,-,no,1,7
BEXTR_VGPR64q_VGPR64q_VGPR64q,-,no,1,2
BEXTR_VGPR64q_MEMq_VGPR64q,-,no,1,7
BLENDPD_XMMdq_XMMdq_IMMb,-,no,0.333333333,1
BLENDPD_XMMdq_MEMdq_IMMb,-,no,0.333333333,7
BLENDPS_XMMdq_MEMdq_IMMb,-,no,0.333333333,7
BLENDPS_XMMdq_XMMdq_IMMb,-,no,0.333333333,1
BLSI_VGPR32d_VGPR32d,-,no,0.333333333,1
BLSI_VGPR64q_MEMq,-,no,0.333333333,6
BLSI_VGPR32d_MEMd,-,no,0.333333333,6
BLSI_VGPR64q_VGPR64q,-,no,0.333333333,1
BLSMSK_VGPR32d_MEMd,-,no,0.333333333,6
BLSMSK_VGPR32d_VGPR32d,-,no,0.333333333,1
BLSMSK_VGPR64q_MEMq,-,no,0.333333333,6
BLSMSK_VGPR64q_VGPR64q,-,no,0.333333333,1
BLSR_VGPR32d_VGPR32d,-,no,0.333333333,1
BLSR_VGPR32d_MEMd,-,no,0.333333333,6
BLSR_VGPR64q_VGPR64q,-,no,0.333333333,1
BLSR_VGPR64q_MEMq,-,no,0.333333333,6
NOP_GPRv_MEMv_0F1A,64,no,0.166666667,0
NOP_GPRv_MEMv_0F1A,16,no,0.166666667,0
NOP_GPRv_MEM_0F1B,32,no,0.166666667,0
NOP_GPRv_MEM_0F1B,64,no,0.166666667,0
BSF_GPRv_GPRv,16,no,1,3
BSF_GPRv_GPRv,32,no,1,3
BSF_GPRv_MEMv,16,no,1,8
BSF_GPRv_MEMv,32,no,1,8
BSF_GPRv_MEMv,64,no,1,8
BSF_GPRv_GPRv,64,no,1,3
BSR_GPRv_MEMv,16,no,1,8
BSR_GPRv_MEMv,32,no,1,8
BSR_GPRv_GPRv,32,no,1,3
BSR_GPRv_GPRv,64,no,1,3
BSR_GPRv_GPRv,16,no,1,3
BSR_GPRv_MEMv,64,no,1,8
BSWAP_GPRv,32,no,1,1
BSWAP_GPRv,64,no,1,2
BT_GPRv_GPRv,16,no,1,1
BT_MEMv_IMMb,32,no,1,
BT_GPRv_GPRv,32,no,1,1
BT_MEMv_IMMb,64,no,1,
BT_GPRv_IMMb,16,no,1,
BT_GPRv_IMMb,64,no,1,
BT_GPRv_IMMb,32,no,1,1
BT_GPRv_GPRv,64,no,1,1
BT_MEMv_IMMb,16,no,1,
BTC_MEMv_IMMb,32,no,1,7
BTC_GPRv_GPRv,32,no,1,1
BTC_MEMv_IMMb,64,no,1,7
BTC_GPRv_IMMb,32,no,1,1
BTC_GPRv_GPRv,16,no,1,1
BTC_GPRv_GPRv,64,no,1,1
BTC_GPRv_IMMb,64,no,1,1
BTC_GPRv_IMMb,16,no,1,1
BTC_MEMv_IMMb,16,no,1,7
BTR_MEMv_IMMb,32,no,1,7
BTR_GPRv_GPRv,32,no,1,1
BTR_MEMv_IMMb,64,no,1,7
BTR_GPRv_IMMb,32,no,1,1
BTR_GPRv_GPRv,16,no,1,1
BTR_GPRv_IMMb,16,no,1,1
BTR_GPRv_IMMb,64,no,1,1
BTR_GPRv_GPRv,64,no,1,1
BTR_MEMv_IMMb,16,no,1,7
BTS_GPRv_GPRv,16,no,1,1
BTS_MEMv_IMMb,32,no,1,7
BTS_GPRv_GPRv,32,no,1,1
BTS_MEMv_IMMb,64,no,1,7
BTS_GPRv_GPRv,64,no,1,1
BTS_GPRv_IMMb,32,no,1,1
BTS_GPRv_IMMb,16,no,1,1
BTS_GPRv_IMMb,64,no,1,1
BTS_MEMv_IMMb,16,no,1,7
BZHI_VGPR32d_MEMd_VGPR32d,-,no,1,6
BZHI_VGPR32d_VGPR32d_VGPR32d,-,no,1,1
BZHI_VGPR64q_VGPR64q_VGPR64q,-,no,1,1
BZHI_VGPR64q_MEMq_VGPR64q,-,no,1,6
CBW,-,no,0.333333333,1
CDQ,-,no,0.5,1
CDQE,-,no,0.333333333,1
CLC,-,no,0.166666667,
CMC,-,no,0.2,
CMOVBE_GPRv_GPRv,16,no,1,2
CMOVBE_GPRv_MEMv,32,no,1,6
CMOVBE_GPRv_GPRv,32,no,1,2
CMOVBE_GPRv_MEMv,64,no,1,6
CMOVBE_GPRv_MEMv,16,no,1,6
CMOVBE_GPRv_GPRv,64,no,1,2
CMOVB_GPRv_GPRv,16,no,0.5,1
CMOVB_GPRv_MEMv,32,no,0.5,6
CMOVB_GPRv_GPRv,32,no,0.5,1
CMOVB_GPRv_MEMv,16,no,0.5,6
CMOVB_GPRv_GPRv,64,no,0.5,1
CMOVB_GPRv_MEMv,64,no,0.5,6
CMOVL_GPRv_GPRv,16,no,0.5,1
CMOVL_GPRv_MEMv,16,no,0.5,6
CMOVL_GPRv_GPRv,32,no,0.5,1
CMOVL_GPRv_MEMv,64,no,0.5,6
CMOVL_GPRv_MEMv,32,no,0.5,6
CMOVL_GPRv_GPRv,64,no,0.5,1
CMOVLE_GPRv_GPRv,16,no,0.5,1
CMOVLE_GPRv_MEMv,16,no,0.5,6
CMOVLE_GPRv_MEMv,64,no,0.5,6
CMOVLE_GPRv_GPRv,32,no,0.5,1
CMOVLE_GPRv_GPRv,64,no,0.5,1
CMOVLE_GPRv_MEMv,32,no,0.5,6
CMOVNBE_GPRv_MEMv,16,no,1,6
CMOVNBE_GPRv_GPRv,32,no,1,2
CMOVNBE_GPRv_MEMv,32,no,1,6
CMOVNBE_GPRv_GPRv,16,no,1,2
CMOVNBE_GPRv_GPRv,64,no,1,2
CMOVNBE_GPRv_MEMv,64,no,1,6
CMOVNB_GPRv_MEMv,16,no,0.5,6
CMOVNB_GPRv_MEMv,64,no,0.5,6
CMOVNB_GPRv_GPRv,32,no,0.5,1
CMOVNB_GPRv_GPRv,64,no,0.5,1
CMOVNB_GPRv_MEMv,32,no,0.5,6
CMOVNB_GPRv_GPRv,16,no,0.5,1
CMOVNL_GPRv_MEMv,16,no,0.5,6
CMOVNL_GPRv_MEMv,32,no,0.5,6
CMOVNL_GPRv_GPRv,32,no,0.5,1
CMOVNL_GPRv_GPRv,64,no,0.5,1
CMOVNL_GPRv_GPRv,16,no,0.5,1
CMOVNL_GPRv_MEMv,64,no,0.5,6
CMOVNLE_GPRv_MEMv,16,no,0.5,6
CMOVNLE_GPRv_MEMv,32,no,0.5,6
CMOVNLE_GPRv_GPRv,32,no,0.5,1
CMOVNLE_GPRv_GPRv,16,no,0.5,1
CMOVNLE_GPRv_MEMv,64,no,0.5,6
CMOVNLE_GPRv_GPRv,64,no,0.5,1
CMOVNO_GPRv_MEMv,16,no,0.5,6
CMOVNO_GPRv_GPRv,32,no,0.5,1
CMOVNO_GPRv_MEMv,64,no,0.5,6
CMOVNO_GPRv_MEMv,32,no,0.5,6
CMOVNO_GPRv_GPRv,16,no,0.5,1
CMOVNO_GPRv_GPRv,64,no,0.5,1
CMOVNP_GPRv_MEMv,16,no,0.5,6
CMOVNP_GPRv_MEMv,32,no,0.5,6
CMOVNP_GPRv_GPRv,32,no,0.5,1
CMOVNP_GPRv_GPRv,64,no,0.5,1
CMOVNP_GPRv_MEMv,64,no,0.5,6
CMOVNP_GPRv_GPRv,16,no,0.5,1
CMOVNS_GPRv_MEMv,16,no,0.5,6
CMOVNS_GPRv_MEMv,32,no,0.5,6
CMOVNS_GPRv_GPRv,32,no,0.5,1
CMOVNS_GPRv_MEMv,64,no,0.5,6
CMOVNS_GPRv_GPRv,16,no,0.5,1
CMOVNS_GPRv_GPRv,64,no,0.5,1
CMOVNZ_GPRv_MEMv,16,no,0.5,6
CMOVNZ_GPRv_GPRv,64,no,0.5,1
CMOVNZ_GPRv_GPRv,32,no,0.5,1
CMOVNZ_GPRv_MEMv,32,no,0.5,6
CMOVNZ_GPRv_GPRv,16,no,0.5,1
CMOVNZ_GPRv_MEMv,64,no,0.5,6
CMOVO_GPRv_GPRv,16,no,0.5,1
CMOVO_GPRv_MEMv,32,no,0.5,6
CMOVO_GPRv_GPRv,32,no,0.5,1
CMOVO_GPRv_GPRv,64,no,0.5,1
CMOVO_GPRv_MEMv,16,no,0.5,6
CMOVO_GPRv_MEMv,64,no,0.5,6
CMOVP_GPRv_GPRv,16,no,0.5,1
CMOVP_GPRv_MEMv,16,no,0.5,6
CMOVP_GPRv_GPRv,32,no,0.5,1
CMOVP_GPRv_MEMv,32,no,0.5,6
CMOVP_GPRv_GPRv,64,no,0.5,1
CMOVP_GPRv_MEMv,64,no,0.5,6
CMOVS_GPRv_GPRv,16,no,0.5,1
CMOVS_GPRv_MEMv,16,no,0.5,6
CMOVS_GPRv_GPRv,64,no,0.5,1
CMOVS_GPRv_GPRv,32,no,0.5,1
CMOVS_GPRv_MEMv,32,no,0.5,6
CMOVS_GPRv_MEMv,64,no,0.5,6
CMOVZ_GPRv_GPRv,16,no,0.5,1
CMOVZ_GPRv_MEMv,32,no,0.5,6
CMOVZ_GPRv_GPRv,32,no,0.5,1
CMOVZ_GPRv_MEMv,16,no,0.5,6
CMOVZ_GPRv_MEMv,64,no,0.5,6
CMOVZ_GPRv_GPRv,64,no,0.5,1
CMP_AL_IMMb,-,no,0.2,1
CMP_GPR8_GPR8_3A,-,no,0.2,1
CMP_GPRv_GPRv_39,16,no,0.2,1
CMP_MEMb_GPR8,-,no,0.333333333,6
CMP_MEMb_IMMb_80r7,-,no,0.333333333,6
CMP_GPR8_IMMb_80r7,-,no,0.2,1
CMP_MEMv_GPRv,32,no,0.333333333,6
CMP_MEMv_IMMz,32,no,0.333333333,6
CMP_MEMv_IMMb,32,no,0.333333333,6
CMP_GPRv_MEMv,16,no,0.333333333,6
CMP_GPRv_GPRv_39,32,no,0.2,1
CMP_GPRv_MEMv,32,no,0.333333333,6
CMP_MEMv_IMMb,64,no,0.333333333,6
CMP_MEMv_IMMz,64,no,0.333333333,6
CMP_MEMv_GPRv,64,no,0.333333333,6
CMP_GPR8_MEMb,-,no,0.333333333,6
CMP_GPRv_IMMz,64,no,0.2,1
CMP_GPRv_GPRv_39,64,no,0.2,1
CMP_GPRv_GPRv_3B,64,no,0.2,1
CMP_GPRv_IMMb,64,no,0.2,1
CMP_GPR8_GPR8_38,-,no,0.2,1
CMP_GPRv_IMMz,32,no,0.2,1
CMP_GPRv_GPRv_3B,32,no,0.2,1
CMP_GPRv_IMMz,16,no,0.2,1
CMP_GPRv_GPRv_3B,16,no,0.2,1
CMP_GPRv_IMMb,32,no,0.2,1
CMP_GPRv_IMMb,16,no,0.2,1
CMP_GPRv_MEMv,64,no,0.333333333,6
CMP_MEMv_IMMz,16,no,0.333333333,6
CMP_MEMv_IMMb,16,no,0.333333333,6
CMP_MEMv_GPRv,16,no,0.333333333,6
CMPPD_XMMpd_XMMpd_IMMb,-,no,0.5,4
CMPPD_XMMpd_MEMpd_IMMb,-,no,0.5,10
CMPPS_XMMps_XMMps_IMMb,-,no,0.5,4
CMPPS_XMMps_MEMps_IMMb,-,no,0.5,10
CMPSD_XMM_XMMsd_XMMsd_IMMb,-,no,0.5,4
CMPSD_XMM_XMMsd_MEMsd_IMMb,-,no,0.5,10
CMPSS_XMMss_MEMss_IMMb,-,no,0.5,10
CMPSS_XMMss_XMMss_IMMb,-,no,0.5,4
COMISD_XMMsd_XMMsd,-,no,1,3
COMISD_XMMsd_MEMsd,-,no,1,9
COMISS_XMMss_XMMss,-,no,1,3
COMISS_XMMss_MEMss,-,no,1,9
CQO,-,no,0.5,1
CRC32_GPRyy_MEMv,32,no,1,8
CRC32_GPRyy_MEMb,-,no,1,8
CRC32_GPRyy_GPRv,32,no,1,3
CRC32_GPRyy_MEMb,-,no,1,8
CRC32_GPRyy_GPR8b,-,no,1,3
CRC32_GPRyy_GPRv,64,no,1,3
CRC32_GPRyy_MEMv,64,no,1,8
CRC32_GPRyy_GPR8b,-,no,1,3
CVTDQ2PD_XMMpd_MEMq,-,no,0.5,
CVTDQ2PS_XMMps_XMMdq,-,no,0.5,4
CVTDQ2PS_XMMps_MEMdq,-,no,0.5,10
CVTPD2DQ_XMMdq_XMMpd,-,no,1,
CVTPD2DQ_XMMdq_MEMpd,-,no,1,
CVTPD2PI_MMXq_XMMpd,-,no,1,
CVTPD2PI_MMXq_MEMpd,-,no,1,11
CVTPD2PS_XMMps_MEMpd,-,no,1,
CVTPD2PS_XMMps_XMMpd,-,no,1,
CVTPI2PD_XMMpd_MEMq,-,no,0.5,10
CVTPI2PD_XMMpd_MMXq,-,no,1,
CVTPI2PS_XMMq_MEMq,-,no,0.5,10
CVTPI2PS_XMMq_MMXq,-,no,1,6
CVTPS2DQ_XMMdq_XMMps,-,no,0.5,4
CVTPS2DQ_XMMdq_MEMps,-,no,0.5,10
CVTPS2PD_XMMpd_MEMq,-,no,0.5,10
CVTPS2PD_XMMpd_XMMq,-,no,1,
CVTPS2PI_MMXq_XMMq,-,no,1,
CVTPS2PI_MMXq_MEMq,-,no,1,11
CVTSD2SI_GPR32d_MEMsd,-,no,1,12
CVTSD2SI_GPR32d_XMMsd,-,no,1,7
CVTSD2SI_GPR64q_XMMsd,-,no,1,7
CVTSD2SI_GPR64q_MEMsd,-,no,1,12
CVTSD2SS_XMMss_MEMsd,-,no,1,11
CVTSD2SS_XMMss_XMMsd,-,no,1,5
CVTSI2SD_XMMsd_MEMd,-,no,0.5,10
CVTSI2SD_XMMsd_GPR64q,-,no,1,5
CVTSI2SD_XMMsd_GPR32d,-,no,1,5
CVTSI2SD_XMMsd_MEMq,-,no,0.5,10
CVTSI2SS_XMMss_MEMd,-,no,0.5,10
CVTSI2SS_XMMss_GPR64q,-,no,2,6
CVTSI2SS_XMMss_GPR32d,-,no,1,5
CVTSI2SS_XMMss_MEMq,-,no,1,11
CVTSS2SD_XMMsd_MEMss,-,no,0.5,10
CVTSS2SD_XMMsd_XMMss,-,no,1,
CVTSS2SI_GPR32d_MEMss,-,no,1,12
CVTSS2SI_GPR32d_XMMss,-,no,1,7
CVTSS2SI_GPR64q_XMMss,-,no,1,
CVTSS2SI_GPR64q_MEMss,-,no,1,12
CVTTPD2DQ_XMMdq_MEMpd,-,no,1,
CVTTPD2DQ_XMMdq_XMMpd,-,no,1,
CVTTPD2PI_MMXq_XMMpd,-,no,1,
CVTTPD2PI_MMXq_MEMpd,-,no,1,11
CVTTPS2DQ_XMMdq_XMMps,-,no,0.5,4
CVTTPS2DQ_XMMdq_MEMps,-,no,0.5,10
CVTTPS2PI_MMXq_XMMq,-,no,1,
CVTTPS2PI_MMXq_MEMq,-,no,1,11
CVTTSD2SI_GPR32d_XMMsd,-,no,1,7
CVTTSD2SI_GPR32d_MEMsd,-,no,1,12
CVTTSD2SI_GPR64q_XMMsd,-,no,1,7
CVTTSD2SI_GPR64q_MEMsd,-,no,1,12
CVTTSS2SI_GPR32d_XMMss,-,no,1,7
CVTTSS2SI_GPR32d_MEMss,-,no,1,12
CVTTSS2SI_GPR64q_XMMss,-,no,1,8
CVTTSS2SI_GPR64q_MEMss,-,no,1,
CWD,-,no,0.5,2
CWDE,-,no,0.333333333,1
DEC_MEMb,-,no,0.5,7
DEC_MEMv,32,no,0.5,7
DEC_MEMv,64,no,0.5,7
DEC_GPR8,-,no,0.2,1
DEC_GPRv_FFr1,32,no,0.2,1
DEC_GPRv_FFr1,16,no,0.2,1
DEC_GPRv_FFr1,64,no,0.2,
DEC_MEMv,16,no,0.5,7
DIV_MEMv,32,no,6,
DIV_MEMv,64,no,10,
DIV_GPRv,64,no,10,
DIV_GPR8,-,no,6,17
DIV_GPRv,32,no,6,
DIVPD_XMMpd_MEMpd,-,no,4,20
DIVPD_XMMpd_XMMpd,-,no,4,14
DIVPS_XMMps_MEMps,-,no,3,17
DIVPS_XMMps_XMMps,-,no,3,11
DIVSD_XMMsd_XMMsd,-,no,4,14
DIVSD_XMMsd_MEMsd,-,no,4,20
DIVSS_XMMss_MEMss,-,no,3,17
DIVSS_XMMss_XMMss,-,no,3,11
DPPD_XMMdq_MEMdq_IMMb,-,no,1,15
DPPD_XMMdq_XMMdq_IMMb,-,no,,9
EXTRACTPS_MEMd_XMMps_IMMb,-,no,1,2
EXTRACTPS_GPR32d_XMMdq_IMMb,-,no,1,
HADDPD_XMMpd_XMMpd,-,no,2,5
HADDPD_XMMpd_MEMpd,-,no,2,11
HADDPS_XMMps_XMMps,-,no,2,
HADDPS_XMMps_MEMps,-,no,2,
NOP_MEMv_GPRv_0F19,32,no,0.166666667,0
NOP_GPRv_GPRv_0F19,16,no,0.166666667,0
NOP_GPRv_GPRv_0F19,32,no,0.166666667,0
NOP_MEMv_GPRv_0F19,64,no,0.166666667,0
NOP_GPRv_GPRv_0F19,64,no,0.166666667,0
NOP_MEMv_GPRv_0F19,16,no,0.166666667,0
NOP_GPRv_GPRv_0F1A,32,no,0.166666667,0
NOP_GPRv_GPRv_0F1A,64,no,0.166666667,0
NOP_GPRv_GPRv_0F1B,16,no,0.166666667,0
NOP_GPRv_GPRv_0F1B,32,no,0.166666667,0
NOP_GPRv_GPRv_0F1B,64,no,0.166666667,0
NOP_GPRv_GPRv_0F1C,16,no,0.166666667,0
NOP_MEMv_GPRv_0F1C,32,no,0.166666667,0
NOP_MEMv_GPRv_0F1C,64,no,0.166666667,0
NOP_GPRv_GPRv_0F1C,32,no,0.166666667,0
NOP_GPRv_GPRv_0F1C,64,no,0.166666667,0
NOP_MEMv_GPRv_0F1C,16,no,0.166666667,0
NOP_MEMv_GPRv_0F1D,32,no,0.166666667,0
NOP_MEMv_GPRv_0F1D,64,no,0.166666667,0
NOP_GPRv_GPRv_0F1D,16,no,0.166666667,0
NOP_GPRv_GPRv_0F1D,32,no,0.166666667,0
NOP_GPRv_GPRv_0F1D,64,no,0.166666667,0
NOP_MEMv_GPRv_0F1D,16,no,0.166666667,0
NOP_MEMv_GPRv_0F1E,32,no,0.166666667,0
NOP_MEMv_GPRv_0F1E,64,no,0.166666667,0
NOP_GPRv_GPRv_0F1E,32,no,0.166666667,0
NOP_GPRv_GPRv_0F1E,64,no,0.166666667,0
NOP_GPRv_GPRv_0F1E,16,no,0.166666667,0
NOP_MEMv_GPRv_0F1E,16,no,0.166666667,0
NOP_GPRv_GPRv_0F1F,16,no,0.166666667,0
NOP_GPRv_GPRv_0F1F,32,no,0.166666667,0
NOP_MEMv_GPRv_0F1F,64,no,0.166666667,0
NOP_GPRv_GPRv_0F1F,64,no,0.166666667,0
NOP_MEMv_GPRv_0F1F,16,no,0.166666667,0
HSUBPD_XMMpd_MEMpd,-,no,2,11
HSUBPD_XMMpd_XMMpd,-,no,2,5
HSUBPS_XMMps_MEMps,-,no,2,
HSUBPS_XMMps_XMMps,-,no,2,
IDIV_MEMv,32,no,6,
IDIV_MEMv,64,no,10,
IDIV_GPR8,-,no,6,17
IDIV_GPRv,32,no,6,
IDIV_GPRv,64,no,10,
IMUL_GPRv_GPRv_IMMb,16,no,1,4
IMUL_MEMb,-,no,1,8
IMUL_GPRv,16,no,1,
IMUL_MEMv,32,no,1,9
IMUL_GPRv_MEMv,16,no,1,8
IMUL_GPRv_MEMv_IMMz,16,no,1,9
IMUL_GPRv_MEMv,32,no,1,8
IMUL_GPRv_MEMv_IMMz,32,no,1,8
IMUL_GPRv_GPRv,32,no,1,3
IMUL_GPRv_GPRv_IMMz,32,no,1,3
IMUL_MEMv,64,no,1,
IMUL_GPRv_GPRv_IMMz,64,no,1,3
IMUL_GPRv_MEMv_IMMb,16,no,1,9
IMUL_GPRv_MEMv_IMMz,64,no,1,8
IMUL_GPRv_GPRv,64,no,1,3
IMUL_GPRv_GPRv_IMMb,32,no,1,3
IMUL_GPRv,32,no,1,4
IMUL_GPRv_MEMv_IMMb,64,no,1,8
IMUL_GPRv_MEMv_IMMb,32,no,1,8
IMUL_GPRv_GPRv,16,no,1,3
IMUL_GPRv_GPRv_IMMz,16,no,1,4
IMUL_GPRv,64,no,1,
IMUL_GPRv_MEMv,64,no,1,8
IMUL_GPRv_GPRv_IMMb,64,no,1,3
IMUL_GPR8,-,no,1,3
IMUL_MEMv,16,no,1,
INC_MEMb,-,no,0.5,7
INC_MEMv,32,no,0.5,7
INC_MEMv,64,no,0.5,7
INC_GPR8,-,no,0.2,1
INC_GPRv_FFr0,32,no,0.2,1
INC_GPRv_FFr0,16,no,0.2,1
INC_GPRv_FFr0,64,no,0.2,
INC_MEMv,16,no,0.5,7
INSERTPS_XMMps_MEMd_IMMb,-,no,1,
INSERTPS_XMMps_XMMps_IMMb,-,no,1,1
JB_RELBRb,-,no,0.5,1
JB_RELBRd,-,no,0.5,1
JBE_RELBRb,-,no,0.5,1
JBE_RELBRd,-,no,0.5,1
JECXZ_RELBRb,-,no,0.5,2
JL_RELBRb,-,no,0.5,1
JL_RELBRd,-,no,0.5,1
JLE_RELBRb,-,no,0.5,1
JLE_RELBRd,-,no,0.5,1
JMP_RELBRb,-,no,0.166666667,0
JMP_RELBRd,-,no,0.166666667,0
JNB_RELBRb,-,no,0.5,1
JNB_RELBRd,-,no,0.5,1
JNBE_RELBRb,-,no,0.5,1
JNBE_RELBRd,-,no,0.5,1
JNL_RELBRb,-,no,0.5,1
JNL_RELBRd,-,no,0.5,1
JNLE_RELBRb,-,no,0.5,1
JNLE_RELBRd,-,no,0.5,1
JNO_RELBRb,-,no,0.5,1
JNO_RELBRd,-,no,0.5,1
JNP_RELBRb,-,no,0.5,1
JNP_RELBRd,-,no,0.5,1
JNS_RELBRb,-,no,0.5,1
JNS_RELBRd,-,no,0.5,1
JNZ_RELBRb,-,no,0.5,1
JNZ_RELBRd,-,no,0.5,1
JO_RELBRb,-,no,0.5,1
JO_RELBRd,-,no,0.5,1
JP_RELBRb,-,no,0.5,1
JP_RELBRd,-,no,0.5,1
JRCXZ_RELBRb,-,no,0.5,2
JS_RELBRb,-,no,0.5,1
JS_RELBRd,-,no,0.5,1
JZ_RELBRb,-,no,0.5,1
JZ_RELBRd,-,no,0.5,1
LDDQU_XMMpd_MEMdq,-,no,0.333333333,6
LEA_GPRv_AGEN,16,no,0.4,2
LEA_GPRv_AGEN,64,no,0.2,1
LEA_GPRv_AGEN,32,no,0.2,1
LZCNT_GPRv_GPRv,32,no,1,3
LZCNT_GPRv_MEMv,32,no,1,8
LZCNT_GPRv_GPRv,64,no,1,3
LZCNT_GPRv_MEMv,64,no,1,8
LZCNT_GPRv_GPRv,16,no,1,
MAXPD_XMMpd_XMMpd,-,no,0.5,4
MAXPD_XMMpd_MEMpd,-,no,0.5,10
MAXPS_XMMps_XMMps,-,no,0.5,4
MAXPS_XMMps_MEMps,-,no,0.5,10
MAXSD_XMMsd_MEMsd,-,no,0.5,10
MAXSD_XMMsd_XMMsd,-,no,0.5,4
MAXSS_XMMss_XMMss,-,no,0.5,4
MAXSS_XMMss_MEMss,-,no,0.5,10
MINPD_XMMpd_XMMpd,-,no,0.5,4
MINPD_XMMpd_MEMpd,-,no,0.5,10
MINPS_XMMps_XMMps,-,no,0.5,4
MINPS_XMMps_MEMps,-,no,0.5,10
MINSD_XMMsd_MEMsd,-,no,0.5,10
MINSD_XMMsd_XMMsd,-,no,0.5,4
MINSS_XMMss_XMMss,-,no,0.5,4
MINSS_XMMss_MEMss,-,no,0.5,10
MOV_AL_MEMb,-,no,,6
MOV_GPRv_IMMz,16,no,0.2,
MOV_OrAX_MEMv,16,no,,6
MOV_GPRv_IMMv,16,no,0.2,
MOV_MEMb_AL,-,no,0.5,2
MOV_MEMb_IMMb,-,no,0.5,1
MOV_MEMb_GPR8,-,no,0.5,1
MOV_GPR8_MEMb,-,no,0.333333333,6
MOV_MEMv_OrAX,32,no,0.5,2
MOV_MEMv_IMMz,32,no,0.5,1
MOV_MEMv_GPRv,32,no,0.5,1
MOV_OrAX_MEMv,32,no,0.333333333,5
MOV_GPRv_IMMz,32,no,0.166666667,
MOV_GPRv_GPRv_8B,32,no,0.166666667,0
MOV_GPRv_IMMv,32,no,0.166666667,
MOV_MEMv_OrAX,64,no,0.5,2
MOV_MEMv_IMMz,64,no,0.5,1
MOV_MEMv_GPRv,64,no,0.5,1
MOV_GPR8_GPR8_8A,-,no,0.2,1
MOV_GPR8_IMMb_C6r0,-,no,0.2,
MOV_GPRv_GPRv_89,32,no,0.166666667,0
MOV_GPR8_IMMb_B0,-,no,0.2,
MOV_GPR8_GPR8_88,-,no,0.2,1
MOV_GPRv_MEMv,32,no,0.333333333,5
MOV_GPRv_GPRv_8B,16,no,0.2,1
MOV_GPRv_MEMv,16,no,0.333333333,6
MOV_OrAX_MEMv,64,no,0.333333333,5
MOV_GPRv_MEMv,64,no,0.333333333,5
MOV_GPRv_IMMz,64,no,0.166666667,
MOV_GPRv_IMMv,64,no,0.166666667,
MOV_GPRv_GPRv_89,64,no,0.166666667,0
MOV_GPRv_GPRv_8B,64,no,0.166666667,0
MOV_GPRv_GPRv_89,16,no,0.2,1
MOV_MEMv_OrAX,16,no,0.5,2
MOV_MEMv_GPRv,16,no,0.5,1
MOV_MEMv_IMMz,16,no,0.5,1
MOVAPD_MEMpd_XMMpd,-,no,0.5,1
MOVAPD_XMMpd_XMMpd_0F29,-,no,0.166666667,0
MOVAPD_XMMpd_MEMpd,-,no,0.333333333,6
MOVAPD_XMMpd_XMMpd_0F28,-,no,0.166666667,0
MOVAPS_MEMps_XMMps,-,no,0.5,1
MOVAPS_XMMps_MEMps,-,no,0.333333333,6
MOVAPS_XMMps_XMMps_0F29,-,no,0.166666667,0
MOVAPS_XMMps_XMMps_0F28,-,no,0.166666667,0
MOVBE_GPRv_MEMv,16,no,,7
MOVBE_MEMv_GPRv,32,no,1,
MOVBE_MEMv_GPRv,64,no,1,
MOVBE_GPRv_MEMv,32,no,1,6
MOVBE_GPRv_MEMv,64,no,1,
MOVD_MEMd_MMXd,-,no,0.5,1
MOVD_MEMd_XMMd,-,no,0.5,1
MOVD_MMXq_MEMd,-,no,0.5,6
MOVQ_MMXq_GPR64,-,no,1,1
MOVQ_MMXq_MEMq_0F6E,-,no,0.5,6
MOVD_MMXq_GPR32,-,no,1,1
MOVQ_MEMq_MMXq_0F7E,-,no,0.5,1
MOVD_GPR32_MMXd,-,no,1,3
MOVQ_GPR64_MMXq,-,no,1,3
MOVD_GPR32_XMMd,-,no,1,3
MOVD_XMMdq_GPR32,-,no,1,1
MOVD_XMMdq_MEMd,-,no,0.333333333,6
MOVDDUP_XMMdq_MEMq,-,no,0.333333333,
MOVDQ2Q_MMXq_XMMq,-,no,0.666666667,1
MOVDQA_MEMdq_XMMdq,-,no,0.5,1
MOVDQA_XMMdq_XMMdq_0F7F,-,no,0.166666667,0
MOVDQA_XMMdq_MEMdq,-,no,0.333333333,6
MOVDQA_XMMdq_XMMdq_0F6F,-,no,0.166666667,0
MOVDQU_MEMdq_XMMdq,-,no,0.5,1
MOVDQU_XMMdq_XMMdq_0F6F,-,no,0.166666667,0
MOVDQU_XMMdq_XMMdq_0F7F,-,no,0.166666667,0
MOVDQU_XMMdq_MEMdq,-,no,0.333333333,6
MOVHLPS_XMMq_XMMq,-,no,1,1
MOVHPD_MEMq_XMMsd,-,no,0.5,1
MOVHPD_XMMsd_MEMq,-,no,1,7
MOVHPS_MEMq_XMMps,-,no,0.5,1
MOVHPS_XMMq_MEMq,-,no,1,7
MOVLHPS_XMMq_XMMq,-,no,1,1
MOVLPD_MEMq_XMMsd,-,no,0.5,1
MOVLPD_XMMsd_MEMq,-,no,,7
MOVLPS_XMMq_MEMq,-,no,0.5,7
MOVMSKPD_GPR32_XMMpd,-,no,1,3
MOVMSKPS_GPR32_XMMps,-,no,1,3
MOVQ_MMXq_MMXq_0F6F,-,no,0.5,1
MOVQ_MMXq_MMXq_0F7F,-,no,0.5,1
MOVQ_MMXq_MEMq_0F6F,-,no,0.5,6
MOVQ_MEMq_XMMq_0F7E,-,no,0.5,1
MOVQ_MEMq_MMXq_0F7F,-,no,0.5,1
MOVQ_MEMq_XMMq_0FD6,-,no,0.5,1
MOVQ_GPR64_XMMq,-,no,1,3
MOVQ_XMMdq_XMMq_0FD6,-,no,0.333333333,1
MOVQ_XMMdq_MEMq_0F7E,-,no,0.333333333,6
MOVQ_XMMdq_GPR64,-,no,1,1
MOVQ_XMMdq_XMMq_0F7E,-,no,0.333333333,1
MOVQ_XMMdq_MEMq_0F6E,-,no,0.333333333,6
MOVQ2DQ_XMMdq_MMXq,-,no,1,3
MOVSD_XMM_MEMsd_XMMsd,-,no,0.5,1
MOVSD_XMM_XMMsd_XMMsd_0F11,-,no,0.333333333,1
MOVSD_XMM_XMMdq_MEMsd,-,no,0.333333333,6
MOVSD_XMM_XMMsd_XMMsd_0F10,-,no,0.333333333,1
MOVSHDUP_XMMps_MEMps,-,no,0.333333333,
MOVSHDUP_XMMps_XMMps,-,no,0.5,1
MOVSLDUP_XMMps_XMMps,-,no,0.5,1
MOVSLDUP_XMMps_MEMps,-,no,0.333333333,
MOVSS_MEMss_XMMss,-,no,0.5,1
MOVSS_XMMss_XMMss_0F10,-,no,0.333333333,1
MOVSS_XMMss_XMMss_0F11,-,no,0.333333333,1
MOVSS_XMMdq_MEMss,-,no,0.333333333,6
MOVSX_GPRv_GPR8,16,no,0.333333333,1
MOVSX_GPRv_MEMw,16,no,0.333333333,
MOVSX_GPRv_MEMw,32,no,0.333333333,6
MOVSX_GPRv_GPR8,32,no,0.333333333,1
MOVSX_GPRv_MEMb,64,no,0.333333333,6
MOVSX_GPRv_MEMb,16,no,0.333333333,
MOVSX_GPRv_MEMb,32,no,0.333333333,6
MOVSX_GPRv_GPR16,64,no,0.333333333,1
MOVSX_GPRv_GPR16,32,no,0.333333333,1
MOVSX_GPRv_GPR8,64,no,0.333333333,1
MOVSX_GPRv_MEMw,64,no,0.333333333,6
MOVSXD_GPRv_MEMz,64,no,0.333333333,6
MOVUPD_MEMpd_XMMpd,-,no,0.5,1
MOVUPD_XMMpd_XMMpd_0F10,-,no,0.166666667,0
MOVUPD_XMMpd_XMMpd_0F11,-,no,0.166666667,0
MOVUPD_XMMpd_MEMpd,-,no,0.333333333,6
MOVUPS_MEMps_XMMps,-,no,0.5,1
MOVUPS_XMMps_XMMps_0F10,-,no,0.166666667,0
MOVUPS_XMMps_XMMps_0F11,-,no,0.166666667,0
MOVUPS_XMMps_MEMps,-,no,0.333333333,6
MOVZX_GPRv_GPR8,16,no,0.2,1
MOVZX_GPRv_MEMw,16,no,0.333333333,6
MOVZX_GPRv_MEMb,32,no,0.333333333,5
MOVZX_GPRv_MEMb,16,no,0.333333333,6
MOVZX_GPRv_GPR8,64,no,0.166666667,0
MOVZX_GPRv_GPR16,32,no,0.2,1
MOVZX_GPRv_GPR8,32,no,0.166666667,0
MOVZX_GPRv_MEMw,64,no,0.333333333,5
MOVZX_GPRv_MEMw,32,no,0.333333333,5
MOVZX_GPRv_MEMb,64,no,0.333333333,5
MOVZX_GPRv_GPR16,64,no,0.2,1
MPSADBW_XMMdq_XMMdq_IMMb,-,no,1,4
MPSADBW_XMMdq_MEMdq_IMMb,-,no,1,10
MUL_GPRv,16,no,1,
MUL_GPR8,-,no,1,3
MUL_MEMb,-,no,1,8
MUL_MEMv,32,no,1,9
MUL_MEMv,64,no,1,
MUL_GPRv,32,no,1,4
MUL_GPRv,64,no,1,
MUL_MEMv,16,no,1,
MULPD_XMMpd_XMMpd,-,no,0.5,4
MULPD_XMMpd_MEMpd,-,no,0.5,10
MULPS_XMMps_XMMps,-,no,0.5,4
MULPS_XMMps_MEMps,-,no,0.5,10
MULSD_XMMsd_XMMsd,-,no,0.5,4
MULSD_XMMsd_MEMsd,-,no,0.5,10
MULSS_XMMss_XMMss,-,no,0.5,4
MULSS_XMMss_MEMss,-,no,0.5,10
MULX_VGPR32d_VGPR32d_VGPR32d,-,no,1,4
MULX_VGPR32d_VGPR32d_MEMd,-,no,1,9
MULX_VGPR64q_VGPR64q_VGPR64q,-,no,1,
MULX_VGPR64q_VGPR64q_MEMq,-,no,1,
NEG_MEMb,-,no,0.5,7
NEG_GPR8,-,no,0.2,1
NEG_MEMv,32,no,0.5,7
NEG_MEMv,64,no,0.5,7
NEG_GPRv,32,no,0.2,1
NEG_GPRv,64,no,0.2,1
NEG_GPRv,16,no,0.2,1
NEG_MEMv,16,no,0.5,7
NOP_90,-,no,0.166666667,0
NOP_MEMv_GPRv_0F1F,32,no,0.166666667,0
NOT_MEMb,-,no,0.5,7
NOT_MEMv,32,no,0.5,7
NOT_MEMv,64,no,0.5,7
NOT_GPRv,32,no,0.2,1
NOT_GPRv,64,no,0.2,1
NOT_GPRv,16,no,0.2,1
NOT_GPR8,-,no,0.2,1
NOT_MEMv,16,no,0.5,7
OR_AL_IMMb,-,no,0.2,1
OR_GPRv_GPRv_09,16,no,0.2,1
OR_GPR8_MEMb,-,no,0.333333333,6
OR_MEMb_GPR8,-,no,0.5,7
OR_MEMb_IMMb_80r1,-,no,0.5,7
OR_MEMv_GPRv,32,no,0.5,7
OR_MEMv_IMMz,32,no,0.5,7
OR_MEMv_IMMb,32,no,0.5,7
OR_GPRv_GPRv_09,32,no,0.2,1
OR_MEMv_IMMb,64,no,0.5,7
OR_MEMv_IMMz,64,no,0.5,7
OR_MEMv_GPRv,64,no,0.5,7
OR_GPRv_IMMz,64,no,0.2,1
OR_GPR8_GPR8_0A,-,no,0.2,1
OR_GPR8_IMMb_80r1,-,no,0.2,1
OR_GPRv_GPRv_09,64,no,0.2,1
OR_GPRv_GPRv_0B,64,no,0.2,1
OR_GPRv_IMMz,32,no,0.2,1
OR_GPRv_GPRv_0B,32,no,0.2,1
OR_GPRv_IMMz,16,no,0.2,1
OR_GPRv_GPRv_0B,16,no,0.2,1
OR_GPRv_IMMb,64,no,0.2,1
OR_GPRv_IMMb,32,no,0.2,1
OR_GPRv_IMMb,16,no,0.2,1
OR_GPRv_MEMv,32,no,0.333333333,6
OR_GPRv_MEMv,16,no,0.333333333,6
OR_GPRv_MEMv,64,no,0.333333333,6
OR_GPR8_GPR8_08,-,no,0.2,1
OR_MEMv_IMMz,16,no,0.5,7
OR_MEMv_IMMb,16,no,0.5,7
OR_MEMv_GPRv,16,no,0.5,7
ORPD_XMMxuq_MEMxuq,-,no,0.333333333,7
ORPD_XMMxuq_XMMxuq,-,no,0.333333333,1
ORPS_XMMxud_MEMxud,-,no,0.333333333,7
ORPS_XMMxud_XMMxud,-,no,0.333333333,1
PABSB_MMXq_MMXq,-,no,1,1
PABSB_MMXq_MEMq,-,no,1,7
PABSB_XMMdq_XMMdq,-,no,0.5,1
PABSB_XMMdq_MEMdq,-,no,0.5,7
PABSD_MMXq_MMXq,-,no,1,1
PABSD_MMXq_MEMq,-,no,1,7
PABSD_XMMdq_XMMdq,-,no,0.5,1
PABSD_XMMdq_MEMdq,-,no,0.5,7
PABSW_MMXq_MMXq,-,no,1,1
PABSW_MMXq_MEMq,-,no,1,7
PABSW_XMMdq_MEMdq,-,no,0.5,7
PABSW_XMMdq_XMMdq,-,no,0.5,1
PACKSSDW_MMXq_MEMq,-,no,2,10
PACKSSDW_MMXq_MMXq,-,no,2,4
PACKSSDW_XMMdq_MEMdq,-,no,1,9
PACKSSDW_XMMdq_XMMdq,-,no,1,3
PACKSSWB_MMXq_MEMq,-,no,2,10
PACKSSWB_MMXq_MMXq,-,no,2,4
PACKSSWB_XMMdq_MEMdq,-,no,1,9
PACKSSWB_XMMdq_XMMdq,-,no,1,3
PACKUSDW_XMMdq_MEMdq,-,no,1,9
PACKUSDW_XMMdq_XMMdq,-,no,1,3
PACKUSWB_MMXq_MEMq,-,no,2,10
PACKUSWB_MMXq_MMXq,-,no,2,4
PACKUSWB_XMMdq_MEMdq,-,no,1,9
PACKUSWB_XMMdq_XMMdq,-,no,1,3
PADDB_MMXq_MMXq,-,no,0.5,1
PADDB_MMXq_MEMq,-,no,0.5,7
PADDB_XMMdq_XMMdq,-,no,0.333333333,1
PADDB_XMMdq_MEMdq,-,no,0.333333333,7
PADDD_MMXq_MMXq,-,no,0.5,1
PADDD_MMXq_MEMq,-,no,0.5,7
PADDD_XMMdq_XMMdq,-,no,0.333333333,1
PADDD_XMMdq_MEMdq,-,no,0.333333333,7
PADDQ_MMXq_MEMq,-,no,0.5,7
PADDQ_MMXq_MMXq,-,no,0.5,1
PADDQ_XMMdq_MEMdq,-,no,0.333333333,7
PADDQ_XMMdq_XMMdq,-,no,0.333333333,1
PADDSB_MMXq_MMXq,-,no,1,1
PADDSB_MMXq_MEMq,-,no,1,7
PADDSB_XMMdq_XMMdq,-,no,0.5,1
PADDSB_XMMdq_MEMdq,-,no,0.5,7
PADDSW_MMXq_MMXq,-,no,1,1
PADDSW_MMXq_MEMq,-,no,1,7
PADDSW_XMMdq_MEMdq,-,no,0.5,7
PADDSW_XMMdq_XMMdq,-,no,0.5,1
PADDUSB_MMXq_MMXq,-,no,1,1
PADDUSB_MMXq_MEMq,-,no,1,7
PADDUSB_XMMdq_XMMdq,-,no,0.5,1
PADDUSB_XMMdq_MEMdq,-,no,0.5,7
PADDUSW_MMXq_MMXq,-,no,1,1
PADDUSW_MMXq_MEMq,-,no,1,7
PADDUSW_XMMdq_MEMdq,-,no,0.5,7
PADDUSW_XMMdq_XMMdq,-,no,0.5,1
PADDW_MMXq_MMXq,-,no,0.5,1
PADDW_MMXq_MEMq,-,no,0.5,7
PADDW_XMMdq_MEMdq,-,no,0.333333333,7
PADDW_XMMdq_XMMdq,-,no,0.333333333,1
PALIGNR_MMXq_MMXq_IMMb,-,no,1,1
PALIGNR_MMXq_MEMq_IMMb,-,no,1,7
PALIGNR_XMMdq_MEMdq_IMMb,-,no,1,7
PALIGNR_XMMdq_XMMdq_IMMb,-,no,1,1
PAND_MMXq_MMXq,-,no,0.5,1
PAND_MMXq_MEMq,-,no,0.5,7
PAND_XMMdq_MEMdq,-,no,0.333333333,7
PAND_XMMdq_XMMdq,-,no,0.333333333,1
PANDN_MMXq_MMXq,-,no,0.5,1
PANDN_MMXq_MEMq,-,no,0.5,7
PANDN_XMMdq_MEMdq,-,no,0.333333333,7
PANDN_XMMdq_XMMdq,-,no,0.333333333,1
PREFETCHWT1_MEMu8,-,no,0.333333333,0
NOP_GPRv_GPRv_0F0D,64,no,0.166666667,0
NOP_GPRv_GPRv_0F0D,32,no,0.166666667,0
NOP_GPRv_GPRv_0F0D,16,no,0.166666667,0
PAVGB_MMXq_MMXq,-,no,1,1
PAVGB_MMXq_MEMq,-,no,1,7
PAVGB_XMMdq_MEMdq,-,no,0.5,7
PAVGB_XMMdq_XMMdq,-,no,0.5,1
PAVGW_MMXq_MMXq,-,no,1,1
PAVGW_MMXq_MEMq,-,no,1,7
PAVGW_XMMdq_XMMdq,-,no,0.5,1
PAVGW_XMMdq_MEMdq,-,no,0.5,7
PBLENDW_XMMdq_XMMdq_IMMb,-,no,0.5,1
PBLENDW_XMMdq_MEMdq_IMMb,-,no,0.5,7
PCLMULQDQ_XMMdq_XMMdq_IMMb,-,no,1,3
PCLMULQDQ_XMMdq_MEMdq_IMMb,-,no,1,9
PCMPEQB_MMXq_MEMq,-,no,1,7
PCMPEQB_MMXq_MMXq,-,no,1,1
PCMPEQB_XMMdq_XMMdq,-,no,0.5,1
PCMPEQB_XMMdq_MEMdq,-,no,0.5,7
PCMPEQD_MMXq_MEMq,-,no,1,7
PCMPEQD_MMXq_MMXq,-,no,1,1
PCMPEQD_XMMdq_XMMdq,-,no,0.5,1
PCMPEQD_XMMdq_MEMdq,-,no,0.5,7
PCMPEQQ_XMMdq_XMMdq,-,no,0.5,1
PCMPEQQ_XMMdq_MEMdq,-,no,0.5,7
PCMPEQW_MMXq_MEMq,-,no,1,7
PCMPEQW_MMXq_MMXq,-,no,1,1
PCMPEQW_XMMdq_MEMdq,-,no,0.5,7
PCMPEQW_XMMdq_XMMdq,-,no,0.5,1
PCMPGTB_MMXq_MEMq,-,no,1,7
PCMPGTB_MMXq_MMXq,-,no,1,1
PCMPGTB_XMMdq_XMMdq,-,no,0.5,1
PCMPGTB_XMMdq_MEMdq,-,no,0.5,7
PCMPGTD_MMXq_MEMq,-,no,1,7
PCMPGTD_MMXq_MMXq,-,no,1,1
PCMPGTD_XMMdq_XMMdq,-,no,0.5,1
PCMPGTD_XMMdq_MEMdq,-,no,0.5,7
PCMPGTQ_XMMdq_MEMdq,-,no,1,9
PCMPGTQ_XMMdq_XMMdq,-,no,1,3
PCMPGTW_MMXq_MEMq,-,no,1,7
PCMPGTW_MMXq_MMXq,-,no,1,1
PCMPGTW_XMMdq_MEMdq,-,no,0.5,7
PCMPGTW_XMMdq_XMMdq,-,no,0.5,1
PCMPISTRI_XMMdq_XMMdq_IMMb,-,no,3,11
PCMPISTRI_XMMdq_MEMdq_IMMb,-,no,3,
PCMPISTRM_XMMdq_XMMdq_IMMb,-,no,3,
PDEP_VGPR32d_VGPR32d_VGPR32d,-,no,1,3
PDEP_VGPR32d_VGPR32d_MEMd,-,no,1,8
PDEP_VGPR64q_VGPR64q_VGPR64q,-,no,1,3
PDEP_VGPR64q_VGPR64q_MEMq,-,no,1,8
PEXT_VGPR32d_VGPR32d_MEMd,-,no,1,8
PEXT_VGPR32d_VGPR32d_VGPR32d,-,no,1,3
PEXT_VGPR64q_VGPR64q_VGPR64q,-,no,1,3
PEXT_VGPR64q_VGPR64q_MEMq,-,no,1,8
PEXTRB_MEMb_XMMdq_IMMb,-,no,0.5,
PEXTRB_GPR32d_XMMdq_IMMb,-,no,1,4
PEXTRD_MEMd_XMMdq_IMMb,-,no,0.5,2
PEXTRD_GPR32d_XMMdq_IMMb,-,no,1,4
PEXTRQ_MEMq_XMMdq_IMMb,-,no,0.5,2
PEXTRQ_GPR64q_XMMdq_IMMb,-,no,1,4
PEXTRW_GPR32_MMXq_IMMb,-,no,1,4
PEXTRW_GPR32_XMMdq_IMMb,-,no,1,4
PEXTRW_SSE4_GPR32_XMMdq_IMMb,-,no,1,4
PEXTRW_SSE4_MEMw_XMMdq_IMMb,-,no,0.5,2
PHADDD_MMXq_MMXq,-,no,2,3
PHADDD_MMXq_MEMq,-,no,2,9
PHADDD_XMMdq_XMMdq,-,no,1,2
PHADDD_XMMdq_MEMdq,-,no,1,8
PHADDSW_MMXq_MMXq,-,no,2,
PHADDSW_MMXq_MEMq,-,no,2,
PHADDSW_XMMdq_MEMdq,-,no,1,8
PHADDSW_XMMdq_XMMdq,-,no,1,2
PHADDW_MMXq_MMXq,-,no,2,3
PHADDW_MMXq_MEMq,-,no,2,9
PHADDW_XMMdq_MEMdq,-,no,1,8
PHADDW_XMMdq_XMMdq,-,no,1,2
PHMINPOSUW_XMMdq_MEMdq,-,no,1,
PHMINPOSUW_XMMdq_XMMdq,-,no,1,
PHSUBD_MMXq_MMXq,-,no,2,3
PHSUBD_MMXq_MEMq,-,no,2,9
PHSUBD_XMMdq_MEMdq,-,no,1,8
PHSUBD_XMMdq_XMMdq,-,no,1,2
PHSUBSW_MMXq_MMXq,-,no,2,
PHSUBSW_MMXq_MEMq,-,no,2,
PHSUBSW_XMMdq_XMMdq,-,no,1,2
PHSUBSW_XMMdq_MEMdq,-,no,1,8
PHSUBW_MMXq_MMXq,-,no,2,3
PHSUBW_MMXq_MEMq,-,no,2,9
PHSUBW_XMMdq_XMMdq,-,no,1,2
PHSUBW_XMMdq_MEMdq,-,no,1,8
PINSRB_XMMdq_MEMb_IMMb,-,no,0.5,7
PINSRB_XMMdq_GPR32d_IMMb,-,no,1,2
PINSRD_XMMdq_GPR32d_IMMb,-,no,1,2
PINSRD_XMMdq_MEMd_IMMb,-,no,0.5,7
PINSRQ_XMMdq_MEMq_IMMb,-,no,0.5,7
PINSRQ_XMMdq_GPR64q_IMMb,-,no,1,2
PINSRW_MMXq_MEMw_IMMb,-,no,1,7
PINSRW_MMXq_GPR32_IMMb,-,no,2,2
PINSRW_XMMdq_MEMw_IMMb,-,no,0.5,
PINSRW_XMMdq_GPR32_IMMb,-,no,1,2
PMADDUBSW_MMXq_MMXq,-,no,1,5
PMADDUBSW_MMXq_MEMq,-,no,1,
PMADDUBSW_XMMdq_MEMdq,-,no,0.5,11
PMADDUBSW_XMMdq_XMMdq,-,no,0.5,5
PMADDWD_MMXq_MEMq,-,no,1,
PMADDWD_MMXq_MMXq,-,no,1,5
PMADDWD_XMMdq_XMMdq,-,no,0.5,5
PMADDWD_XMMdq_MEMdq,-,no,0.5,11
PMAXSB_XMMdq_XMMdq,-,no,0.5,1
PMAXSB_XMMdq_MEMdq,-,no,0.5,7
PMAXSD_XMMdq_MEMdq,-,no,0.5,7
PMAXSD_XMMdq_XMMdq,-,no,0.5,1
PMAXSW_MMXq_MMXq,-,no,1,1
PMAXSW_MMXq_MEMq,-,no,1,7
PMAXSW_XMMdq_XMMdq,-,no,0.5,1
PMAXSW_XMMdq_MEMdq,-,no,0.5,7
PMAXUB_MMXq_MMXq,-,no,1,1
PMAXUB_MMXq_MEMq,-,no,1,7
PMAXUB_XMMdq_XMMdq,-,no,0.5,1
PMAXUB_XMMdq_MEMdq,-,no,0.5,7
PMAXUD_XMMdq_XMMdq,-,no,0.5,1
PMAXUD_XMMdq_MEMdq,-,no,0.5,7
PMAXUW_XMMdq_MEMdq,-,no,0.5,7
PMAXUW_XMMdq_XMMdq,-,no,0.5,1
PMINSB_XMMdq_XMMdq,-,no,0.5,1
PMINSB_XMMdq_MEMdq,-,no,0.5,7
PMINSD_XMMdq_MEMdq,-,no,0.5,7
PMINSD_XMMdq_XMMdq,-,no,0.5,1
PMINSW_MMXq_MMXq,-,no,1,1
PMINSW_MMXq_MEMq,-,no,1,7
PMINSW_XMMdq_XMMdq,-,no,0.5,1
PMINSW_XMMdq_MEMdq,-,no,0.5,7
PMINUB_MMXq_MMXq,-,no,1,1
PMINUB_MMXq_MEMq,-,no,1,7
PMINUB_XMMdq_XMMdq,-,no,0.5,1
PMINUB_XMMdq_MEMdq,-,no,0.5,7
PMINUD_XMMdq_XMMdq,-,no,0.5,1
PMINUD_XMMdq_MEMdq,-,no,0.5,7
PMINUW_XMMdq_MEMdq,-,no,0.5,7
PMINUW_XMMdq_XMMdq,-,no,0.5,1
PMOVMSKB_GPR32_MMXq,-,no,1,3
PMOVMSKB_GPR32_XMMdq,-,no,1,3
PMOVSXBD_XMMdq_MEMd,-,no,0.5,7
PMOVSXBD_XMMdq_XMMd,-,no,0.5,1
PMOVSXBQ_XMMdq_XMMw,-,no,0.5,1
PMOVSXBQ_XMMdq_MEMw,-,no,0.5,7
PMOVSXBW_XMMdq_XMMq,-,no,0.5,1
PMOVSXBW_XMMdq_MEMq,-,no,0.5,7
PMOVSXDQ_XMMdq_MEMq,-,no,0.5,7
PMOVSXDQ_XMMdq_XMMq,-,no,0.5,1
PMOVSXWD_XMMdq_MEMq,-,no,0.5,7
PMOVSXWD_XMMdq_XMMq,-,no,0.5,1
PMOVSXWQ_XMMdq_XMMd,-,no,0.5,1
PMOVSXWQ_XMMdq_MEMd,-,no,0.5,7
PMOVZXBD_XMMdq_MEMd,-,no,0.5,7
PMOVZXBD_XMMdq_XMMd,-,no,0.5,1
PMOVZXBQ_XMMdq_XMMw,-,no,0.5,1
PMOVZXBQ_XMMdq_MEMw,-,no,0.5,7
PMOVZXBW_XMMdq_XMMq,-,no,0.5,1
PMOVZXBW_XMMdq_MEMq,-,no,0.5,7
PMOVZXDQ_XMMdq_MEMq,-,no,0.5,7
PMOVZXDQ_XMMdq_XMMq,-,no,0.5,1
PMOVZXWD_XMMdq_MEMq,-,no,0.5,7
PMOVZXWD_XMMdq_XMMq,-,no,0.5,1
PMOVZXWQ_XMMdq_XMMd,-,no,0.5,1
PMOVZXWQ_XMMdq_MEMd,-,no,0.5,7
PMULDQ_XMMdq_MEMdq,-,no,0.5,11
PMULDQ_XMMdq_XMMdq,-,no,0.5,5
PMULHRSW_MMXq_MMXq,-,no,1,5
PMULHRSW_MMXq_MEMq,-,no,1,
PMULHRSW_XMMdq_XMMdq,-,no,0.5,5
PMULHRSW_XMMdq_MEMdq,-,no,0.5,11
PMULHUW_MMXq_MMXq,-,no,1,5
PMULHUW_MMXq_MEMq,-,no,1,
PMULHUW_XMMdq_MEMdq,-,no,0.5,11
PMULHUW_XMMdq_XMMdq,-,no,0.5,5
PMULHW_MMXq_MMXq,-,no,1,5
PMULHW_MMXq_MEMq,-,no,1,
PMULHW_XMMdq_XMMdq,-,no,0.5,5
PMULHW_XMMdq_MEMdq,-,no,0.5,11
PMULLD_XMMdq_XMMdq,-,no,1,10
PMULLD_XMMdq_MEMdq,-,no,1,16
PMULLW_MMXq_MEMq,-,no,1,
PMULLW_MMXq_MMXq,-,no,1,5
PMULLW_XMMdq_XMMdq,-,no,0.5,5
PMULLW_XMMdq_MEMdq,-,no,0.5,11
PMULUDQ_MMXq_MEMq,-,no,1,
PMULUDQ_MMXq_MMXq,-,no,1,5
PMULUDQ_XMMdq_MEMdq,-,no,0.5,11
PMULUDQ_XMMdq_XMMdq,-,no,0.5,5
POPCNT_GPRv_GPRv,16,no,1,
POPCNT_GPRv_GPRv,32,no,1,3
POPCNT_GPRv_MEMv,32,no,1,8
POPCNT_GPRv_GPRv,64,no,1,3
POPCNT_GPRv_MEMv,64,no,1,8
POR_MMXq_MMXq,-,no,0.5,1
POR_MMXq_MEMq,-,no,0.5,7
POR_XMMdq_MEMdq,-,no,0.333333333,7
POR_XMMdq_XMMdq,-,no,0.333333333,1
PREFETCHNTA_MEMmprefetch,-,no,0.333333333,0
PREFETCHT0_MEMmprefetch,-,no,0.333333333,0
PREFETCHT1_MEMmprefetch,-,no,0.333333333,0
PREFETCHT2_MEMmprefetch,-,no,0.333333333,0
PSADBW_MMXq_MEMq,-,no,1,9
PSADBW_MMXq_MMXq,-,no,1,3
PSADBW_XMMdq_MEMdq,-,no,1,9
PSADBW_XMMdq_XMMdq,-,no,1,3
PSHUFB_MMXq_MMXq,-,no,1,3
PSHUFB_MMXq_MEMq,-,no,1,9
PSHUFB_XMMdq_MEMdq,-,no,0.5,7
PSHUFB_XMMdq_XMMdq,-,no,0.5,1
PSHUFD_XMMdq_MEMdq_IMMb,-,no,0.5,7
PSHUFD_XMMdq_XMMdq_IMMb,-,no,0.5,1
PSHUFHW_XMMdq_MEMdq_IMMb,-,no,0.5,7
PSHUFHW_XMMdq_XMMdq_IMMb,-,no,0.5,1
PSHUFLW_XMMdq_XMMdq_IMMb,-,no,0.5,1
PSHUFLW_XMMdq_MEMdq_IMMb,-,no,0.5,7
PSHUFW_MMXq_MEMq_IMMb,-,no,1,7
PSHUFW_MMXq_MMXq_IMMb,-,no,1,1
PSIGNB_MMXq_MMXq,-,no,1,1
PSIGNB_MMXq_MEMq,-,no,1,7
PSIGNB_XMMdq_XMMdq,-,no,0.5,1
PSIGNB_XMMdq_MEMdq,-,no,0.5,7
PSIGND_MMXq_MMXq,-,no,1,1
PSIGND_MMXq_MEMq,-,no,1,7
PSIGND_XMMdq_XMMdq,-,no,0.5,1
PSIGND_XMMdq_MEMdq,-,no,0.5,7
PSIGNW_MMXq_MMXq,-,no,1,1
PSIGNW_MMXq_MEMq,-,no,1,7
PSIGNW_XMMdq_MEMdq,-,no,0.5,7
PSIGNW_XMMdq_XMMdq,-,no,0.5,1
PSLLD_MMXq_MMXq,-,no,1,1
PSLLD_MMXq_IMMb,-,no,1,1
PSLLD_MMXq_MEMq,-,no,1,7
PSLLD_XMMdq_IMMb,-,no,0.5,1
PSLLD_XMMdq_MEMdq,-,no,0.5,7
PSLLD_XMMdq_XMMdq,-,no,0.666666667,2
PSLLDQ_XMMdq_IMMb,-,no,0.5,1
PSLLQ_MMXq_MEMq,-,no,1,7
PSLLQ_MMXq_MMXq,-,no,1,1
PSLLQ_MMXq_IMMb,-,no,1,1
PSLLQ_XMMdq_MEMdq,-,no,0.5,7
PSLLQ_XMMdq_IMMb,-,no,0.5,1
PSLLQ_XMMdq_XMMdq,-,no,0.666666667,2
PSLLW_MMXq_MMXq,-,no,1,1
PSLLW_MMXq_IMMb,-,no,1,1
PSLLW_MMXq_MEMq,-,no,1,7
PSLLW_XMMdq_IMMb,-,no,0.5,1
PSLLW_XMMdq_MEMdq,-,no,0.5,7
PSLLW_XMMdq_XMMdq,-,no,0.666666667,2
PSRAD_MMXq_MMXq,-,no,1,1
PSRAD_MMXq_IMMb,-,no,1,1
PSRAD_MMXq_MEMq,-,no,1,7
PSRAD_XMMdq_XMMdq,-,no,0.666666667,2
PSRAD_XMMdq_IMMb,-,no,0.5,1
PSRAD_XMMdq_MEMdq,-,no,0.5,7
PSRAW_MMXq_MMXq,-,no,1,1
PSRAW_MMXq_IMMb,-,no,1,1
PSRAW_MMXq_MEMq,-,no,1,7
PSRAW_XMMdq_XMMdq,-,no,0.666666667,2
PSRAW_XMMdq_MEMdq,-,no,0.5,7
PSRAW_XMMdq_IMMb,-,no,0.5,1
PSRLD_MMXq_MMXq,-,no,1,1
PSRLD_MMXq_IMMb,-,no,1,1
PSRLD_MMXq_MEMq,-,no,1,7
PSRLD_XMMdq_IMMb,-,no,,1
PSRLD_XMMdq_MEMdq,-,no,0.5,7
PSRLD_XMMdq_XMMdq,-,no,0.666666667,2
PSRLDQ_XMMdq_IMMb,-,no,0.5,1
PSRLQ_MMXq_MMXq,-,no,1,1
PSRLQ_MMXq_IMMb,-,no,1,1
PSRLQ_MMXq_MEMq,-,no,1,7
PSRLQ_XMMdq_XMMdq,-,no,0.666666667,2
PSRLQ_XMMdq_IMMb,-,no,0.5,1
PSRLQ_XMMdq_MEMdq,-,no,0.5,7
PSRLW_MMXq_IMMb,-,no,1,1
PSRLW_MMXq_MEMq,-,no,1,7
PSRLW_MMXq_MMXq,-,no,1,1
PSRLW_XMMdq_IMMb,-,no,0.5,1
PSRLW_XMMdq_MEMdq,-,no,0.5,7
PSRLW_XMMdq_XMMdq,-,no,0.666666667,2
PSUBB_MMXq_MMXq,-,no,0.5,1
PSUBB_MMXq_MEMq,-,no,0.5,7
PSUBB_XMMdq_XMMdq,-,no,0.333333333,1
PSUBB_XMMdq_MEMdq,-,no,0.333333333,7
PSUBD_MMXq_MMXq,-,no,0.5,1
PSUBD_MMXq_MEMq,-,no,0.5,7
PSUBD_XMMdq_XMMdq,-,no,0.333333333,1
PSUBD_XMMdq_MEMdq,-,no,0.333333333,7
PSUBQ_MMXq_MMXq,-,no,0.5,1
PSUBQ_MMXq_MEMq,-,no,0.5,7
PSUBQ_XMMdq_MEMdq,-,no,0.333333333,
PSUBQ_XMMdq_XMMdq,-,no,0.333333333,1
PSUBSB_MMXq_MMXq,-,no,1,1
PSUBSB_MMXq_MEMq,-,no,1,7
PSUBSB_XMMdq_XMMdq,-,no,0.5,1
PSUBSB_XMMdq_MEMdq,-,no,0.5,7
PSUBSW_MMXq_MMXq,-,no,1,1
PSUBSW_MMXq_MEMq,-,no,1,7
PSUBSW_XMMdq_MEMdq,-,no,0.5,7
PSUBSW_XMMdq_XMMdq,-,no,0.5,1
PSUBUSB_MMXq_MMXq,-,no,1,1
PSUBUSB_MMXq_MEMq,-,no,1,7
PSUBUSB_XMMdq_XMMdq,-,no,0.5,1
PSUBUSB_XMMdq_MEMdq,-,no,0.5,7
PSUBUSW_MMXq_MMXq,-,no,1,1
PSUBUSW_MMXq_MEMq,-,no,1,7
PSUBUSW_XMMdq_MEMdq,-,no,0.5,7
PSUBUSW_XMMdq_XMMdq,-,no,0.5,1
PSUBW_MMXq_MMXq,-,no,0.5,1
PSUBW_MMXq_MEMq,-,no,0.5,7
PSUBW_XMMdq_MEMdq,-,no,0.333333333,7
PSUBW_XMMdq_XMMdq,-,no,0.333333333,1
PTEST_XMMdq_XMMdq,-,no,1,4
PTEST_XMMdq_MEMdq,-,no,1,
PUNPCKHBW_MMXq_MEMq,-,no,1,7
PUNPCKHBW_MMXq_MMXd,-,no,1,1
PUNPCKHBW_XMMdq_XMMq,-,no,0.5,1
PUNPCKHBW_XMMdq_MEMdq,-,no,0.5,7
PUNPCKHDQ_MMXq_MEMq,-,no,1,7
PUNPCKHDQ_MMXq_MMXd,-,no,1,1
PUNPCKHDQ_XMMdq_XMMq,-,no,0.5,1
PUNPCKHDQ_XMMdq_MEMdq,-,no,0.5,7
PUNPCKHQDQ_XMMdq_MEMdq,-,no,0.5,7
PUNPCKHQDQ_XMMdq_XMMq,-,no,0.5,1
PUNPCKHWD_MMXq_MEMq,-,no,1,7
PUNPCKHWD_MMXq_MMXd,-,no,1,1
PUNPCKHWD_XMMdq_MEMdq,-,no,0.5,7
PUNPCKHWD_XMMdq_XMMq,-,no,0.5,1
PUNPCKLBW_MMXq_MEMd,-,no,1,7
PUNPCKLBW_MMXq_MMXd,-,no,1,1
PUNPCKLBW_XMMdq_XMMq,-,no,0.5,1
PUNPCKLBW_XMMdq_MEMdq,-,no,0.5,7
PUNPCKLDQ_MMXq_MEMd,-,no,1,7
PUNPCKLDQ_MMXq_MMXd,-,no,1,1
PUNPCKLDQ_XMMdq_XMMq,-,no,0.5,1
PUNPCKLDQ_XMMdq_MEMdq,-,no,0.5,7
PUNPCKLQDQ_XMMdq_XMMq,-,no,0.5,1
PUNPCKLQDQ_XMMdq_MEMdq,-,no,0.5,
PUNPCKLWD_MMXq_MEMd,-,no,1,7
PUNPCKLWD_MMXq_MMXd,-,no,1,1
PUNPCKLWD_XMMdq_MEMdq,-,no,0.5,7
PUNPCKLWD_XMMdq_XMMq,-,no,0.5,1
PXOR_MMXq_MMXq,-,no,0.5,1
PXOR_MMXq_MEMq,-,no,0.5,7
PXOR_XMMdq_MEMdq,-,no,0.333333333,7
PXOR_XMMdq_XMMdq,-,no,0.333333333,1
RCL_GPRv_ONE,16,no,1,2
RCL_GPRv_ONE,32,no,1,2
RCL_GPR8_ONE,-,no,1,2
RCL_GPRv_ONE,64,no,1,2
RCPPS_XMMps_XMMps,-,no,1,4
RCPPS_XMMps_MEMps,-,no,1,10
RCPSS_XMMss_MEMss,-,no,1,10
RCPSS_XMMss_XMMss,-,no,1,4
RCR_GPRv_ONE,16,no,1,
RCR_GPRv_ONE,32,no,1,
RCR_GPR8_ONE,-,no,1,
RCR_GPRv_ONE,64,no,1,
ROL_GPR8_ONE,-,no,1,
ROL_MEMb_CL,-,no,1,7
ROL_MEMb_IMMb,-,no,1,7
ROL_GPR8_IMMb,-,no,0.5,1
ROL_MEMv_CL,32,no,1,7
ROL_MEMv_IMMb,32,no,1,7
ROL_MEMv_CL,64,no,1,7
ROL_MEMv_IMMb,64,no,1,7
ROL_GPRv_IMMb,32,no,0.5,1
ROL_GPRv_ONE,32,no,1,
ROL_GPRv_IMMb,64,no,0.5,1
ROL_GPRv_CL,32,no,1,1
ROL_GPRv_IMMb,16,no,0.5,1
ROL_GPRv_ONE,64,no,1,
ROL_GPRv_ONE,16,no,1,
ROL_GPRv_CL,16,no,1,1
ROL_GPRv_CL,64,no,1,1
ROL_GPR8_CL,-,no,1,1
ROL_MEMv_IMMb,16,no,1,7
ROL_MEMv_CL,16,no,1,7
ROR_GPRv_ONE,16,no,1,
ROR_GPR8_ONE,-,no,1,
ROR_MEMb_CL,-,no,1,7
ROR_MEMb_IMMb,-,no,1,7
ROR_GPRv_CL,16,no,1,1
ROR_GPR8_IMMb,-,no,0.6,
ROR_MEMv_CL,32,no,1,7
ROR_MEMv_IMMb,32,no,1,7
ROR_MEMv_IMMb,64,no,1,7
ROR_MEMv_CL,64,no,1,7
ROR_GPRv_IMMb,64,no,0.5,1
ROR_GPRv_IMMb,32,no,0.5,1
ROR_GPRv_ONE,32,no,1,
ROR_GPRv_CL,32,no,1,1
ROR_GPRv_IMMb,16,no,0.5,1
ROR_GPRv_CL,64,no,1,1
ROR_GPRv_ONE,64,no,1,
ROR_GPR8_CL,-,no,1,1
ROR_MEMv_IMMb,16,no,1,7
ROR_MEMv_CL,16,no,1,7
RORX_VGPR32d_VGPR32d_IMMb,-,no,0.5,1
RORX_VGPR32d_MEMd_IMMb,-,no,0.5,6
RORX_VGPR64q_VGPR64q_IMMb,-,no,0.5,1
RORX_VGPR64q_MEMq_IMMb,-,no,0.5,6
ROUNDPD_XMMpd_XMMpd_IMMb,-,no,1,8
ROUNDPD_XMMpd_MEMpd_IMMb,-,no,1,14
ROUNDPS_XMMps_MEMps_IMMb,-,no,1,14
ROUNDPS_XMMps_XMMps_IMMb,-,no,1,8
ROUNDSD_XMMq_XMMq_IMMb,-,no,1,8
ROUNDSD_XMMq_MEMq_IMMb,-,no,1,14
ROUNDSS_XMMd_MEMd_IMMb,-,no,1,14
ROUNDSS_XMMd_XMMd_IMMb,-,no,1,8
RSQRTPS_XMMps_MEMps,-,no,1,10
RSQRTPS_XMMps_XMMps,-,no,1,4
RSQRTSS_XMMss_XMMss,-,no,1,4
RSQRTSS_XMMss_MEMss,-,no,1,10
SAR_GPRv_CL,16,no,1,1
SAR_MEMb_IMMb,-,no,0.5,7
SAR_MEMb_CL,-,no,1,7
SAR_GPRv_IMMb,16,no,0.5,1
SAR_MEMv_CL,32,no,1,7
SAR_MEMv_IMMb,32,no,0.5,7
SAR_GPRv_ONE,16,no,0.5,1
SAR_GPRv_ONE,32,no,0.5,1
SAR_GPRv_CL,32,no,1,1
SAR_MEMv_IMMb,64,no,0.5,7
SAR_MEMv_CL,64,no,1,7
SAR_GPRv_CL,64,no,1,1
SAR_GPRv_IMMb,32,no,0.5,1
SAR_GPR8_ONE,-,no,0.5,1
SAR_GPR8_CL,-,no,1,1
SAR_GPRv_IMMb,64,no,0.5,1
SAR_GPRv_ONE,64,no,0.5,1
SAR_GPR8_IMMb,-,no,0.5,1
SAR_MEMv_IMMb,16,no,0.5,7
SAR_MEMv_CL,16,no,1,7
SARX_VGPR32d_MEMd_VGPR32d,-,no,0.5,6
SARX_VGPR32d_VGPR32d_VGPR32d,-,no,0.5,1
SARX_VGPR64q_MEMq_VGPR64q,-,no,0.5,6
SARX_VGPR64q_VGPR64q_VGPR64q,-,no,0.5,1
SBB_AL_IMMb,-,no,0.5,1
SBB_GPRv_GPRv_19,16,no,0.5,1
SBB_GPR8_MEMb,-,no,0.5,6
SBB_MEMb_GPR8,-,no,,7
SBB_GPR8_GPR8_18,-,no,0.5,1
SBB_MEMv_GPRv,32,no,,7
SBB_GPRv_GPRv_19,32,no,0.5,1
SBB_MEMv_GPRv,64,no,,7
SBB_GPRv_MEMv,32,no,0.5,6
SBB_GPRv_MEMv,16,no,0.5,6
SBB_GPR8_IMMb_80r3,-,no,0.5,1
SBB_GPRv_MEMv,64,no,0.5,6
SBB_GPRv_GPRv_1B,64,no,0.5,1
SBB_GPRv_IMMz,32,no,0.5,1
SBB_GPRv_IMMz,16,no,0.5,1
SBB_GPRv_IMMb,32,no,0.5,1
SBB_GPRv_IMMb,16,no,0.5,1
SBB_GPRv_GPRv_1B,32,no,0.5,1
SBB_GPRv_GPRv_1B,16,no,0.5,1
SBB_GPRv_GPRv_19,64,no,0.5,1
SBB_GPRv_IMMz,64,no,0.5,1
SBB_GPRv_IMMb,64,no,0.5,1
SBB_GPR8_GPR8_1A,-,no,0.5,1
SBB_MEMv_GPRv,16,no,,7
SETB_MEMb,-,no,0.5,2
SETB_GPR8,-,no,0.5,1
SETBE_GPR8,-,no,,2
SETL_MEMb,-,no,0.5,2
SETL_GPR8,-,no,0.5,1
SETLE_MEMb,-,no,0.5,2
SETLE_GPR8,-,no,0.5,1
SETNB_MEMb,-,no,0.5,2
SETNB_GPR8,-,no,0.5,1
SETNBE_GPR8,-,no,,2
SETNL_MEMb,-,no,0.5,2
SETNL_GPR8,-,no,0.5,1
SETNLE_MEMb,-,no,0.5,2
SETNLE_GPR8,-,no,0.5,1
SETNO_MEMb,-,no,0.5,2
SETNO_GPR8,-,no,0.5,1
SETNP_GPR8,-,no,0.5,1
SETNP_MEMb,-,no,0.5,2
SETNS_MEMb,-,no,0.5,2
SETNS_GPR8,-,no,0.5,1
SETNZ_MEMb,-,no,0.5,2
SETNZ_GPR8,-,no,0.5,1
SETO_MEMb,-,no,0.5,2
SETO_GPR8,-,no,0.5,1
SETP_MEMb,-,no,0.5,2
SETP_GPR8,-,no,0.5,1
SETS_GPR8,-,no,0.5,1
SETS_MEMb,-,no,0.5,2
SETZ_GPR8,-,no,0.5,1
SETZ_MEMb,-,no,0.5,2
SHA1MSG1_XMMi32_XMMi32_SHA,-,no,1,2
SHA1MSG1_XMMi32_MEMi32_SHA,-,no,1,8
SHA1NEXTE_XMMi32_XMMi32_SHA,-,no,1,
SHA1RNDS4_XMMi32_MEMi32_IMM8_SHA,-,no,3,12
SHA1RNDS4_XMMi32_XMMi32_IMM8_SHA,-,no,3,4
SHA256MSG2_XMMi32_MEMi32_SHA,-,no,2,12
SHA256MSG2_XMMi32_XMMi32_SHA,-,no,2,6
SHA256RNDS2_XMMi32_XMMi32_SHA,-,no,3,4
SHA256RNDS2_XMMi32_MEMi32_SHA,-,no,3,12
SHL_GPR8_ONE_D0r4,-,no,0.5,1
SHL_GPR8_CL_D2r6,-,no,1,1
SHL_MEMb_CL_D2r6,-,no,1,7
SHL_MEMb_IMMb_C0r4,-,no,0.5,7
SHL_MEMb_IMMb_C0r6,-,no,0.5,7
SHL_MEMb_CL_D2r4,-,no,1,7
SHL_GPR8_ONE_D0r6,-,no,0.5,1
SHL_GPR8_CL_D2r4,-,no,1,1
SHL_MEMv_CL_D3r6,32,no,1,7
SHL_MEMv_CL_D3r4,32,no,1,7
SHL_MEMv_IMMb_C1r6,32,no,0.5,7
SHL_MEMv_IMMb_C1r4,32,no,0.5,7
SHL_GPRv_IMMb_C1r4,32,no,0.5,1
SHL_GPRv_IMMb_C1r6,32,no,0.5,1
SHL_MEMv_IMMb_C1r6,64,no,0.5,7
SHL_MEMv_CL_D3r4,64,no,1,7
SHL_MEMv_CL_D3r6,64,no,1,7
SHL_MEMv_IMMb_C1r4,64,no,0.5,7
SHL_GPRv_CL_D3r4,32,no,1,1
SHL_GPRv_ONE_D1r6,16,no,0.5,1
SHL_GPRv_CL_D3r6,32,no,1,1
SHL_GPRv_ONE_D1r4,16,no,0.5,1
SHL_GPRv_CL_D3r4,16,no,1,1
SHL_GPRv_CL_D3r6,16,no,1,1
SHL_GPRv_IMMb_C1r4,64,no,0.5,1
SHL_GPR8_IMMb_C0r4,-,no,0.5,1
SHL_GPR8_IMMb_C0r6,-,no,0.5,1
SHL_GPRv_ONE_D1r6,32,no,0.5,1
SHL_GPRv_IMMb_C1r4,16,no,0.5,1
SHL_GPRv_ONE_D1r4,32,no,0.5,1
SHL_GPRv_IMMb_C1r6,16,no,0.5,1
SHL_GPRv_ONE_D1r4,64,no,0.5,1
SHL_GPRv_IMMb_C1r6,64,no,0.5,1
SHL_GPRv_CL_D3r6,64,no,1,1
SHL_GPRv_ONE_D1r6,64,no,0.5,1
SHL_GPRv_CL_D3r4,64,no,1,1
SHL_MEMv_IMMb_C1r4,16,no,0.5,7
SHL_MEMv_IMMb_C1r6,16,no,0.5,7
SHL_MEMv_CL_D3r4,16,no,1,7
SHL_MEMv_CL_D3r6,16,no,1,7
SHLD_GPRv_GPRv_IMMb,16,no,1,3
SHLD_MEMv_GPRv_IMMb,32,no,1,
SHLD_MEMv_GPRv_CL,32,no,1,
SHLD_GPRv_GPRv_IMMb,32,no,1,3
SHLD_MEMv_GPRv_CL,64,no,1,
SHLD_MEMv_GPRv_IMMb,64,no,1,
SHLD_GPRv_GPRv_CL,32,no,1,4
SHLD_GPRv_GPRv_IMMb,64,no,1,3
SHLD_GPRv_GPRv_CL,64,no,1,4
SHLD_GPRv_GPRv_CL,16,no,1,4
SHLD_MEMv_GPRv_CL,16,no,1,
SHLD_MEMv_GPRv_IMMb,16,no,1,
SHLX_VGPR32d_VGPR32d_VGPR32d,-,no,0.5,1
SHLX_VGPR32d_MEMd_VGPR32d,-,no,0.5,6
SHLX_VGPR64q_VGPR64q_VGPR64q,-,no,0.5,1
SHLX_VGPR64q_MEMq_VGPR64q,-,no,0.5,6
SHR_GPRv_CL,16,no,1,1
SHR_GPR8_CL,-,no,1,1
SHR_MEMb_CL,-,no,1,7
SHR_MEMb_IMMb,-,no,0.5,7
SHR_GPR8_ONE,-,no,0.5,1
SHR_MEMv_CL,32,no,1,7
SHR_MEMv_IMMb,32,no,0.5,7
SHR_MEMv_IMMb,64,no,0.5,7
SHR_MEMv_CL,64,no,1,7
SHR_GPRv_IMMb,32,no,0.5,1
SHR_GPRv_ONE,32,no,0.5,1
SHR_GPRv_IMMb,64,no,0.5,1
SHR_GPRv_CL,32,no,1,1
SHR_GPRv_IMMb,16,no,0.5,1
SHR_GPRv_ONE,64,no,0.5,1
SHR_GPRv_ONE,16,no,0.5,1
SHR_GPRv_CL,64,no,1,1
SHR_GPR8_IMMb,-,no,0.5,1
SHR_MEMv_IMMb,16,no,0.5,7
SHR_MEMv_CL,16,no,1,7
SHRD_GPRv_GPRv_IMMb,16,no,1,3
SHRD_MEMv_GPRv_IMMb,32,no,1,
SHRD_MEMv_GPRv_CL,32,no,1,
SHRD_GPRv_GPRv_IMMb,32,no,1,3
SHRD_MEMv_GPRv_IMMb,64,no,1,
SHRD_MEMv_GPRv_CL,64,no,1,
SHRD_GPRv_GPRv_IMMb,64,no,1,3
SHRD_GPRv_GPRv_CL,32,no,1,4
SHRD_GPRv_GPRv_CL,64,no,1,4
SHRD_MEMv_GPRv_CL,16,no,1,
SHRD_MEMv_GPRv_IMMb,16,no,1,
SHRX_VGPR32d_MEMd_VGPR32d,-,no,0.5,6
SHRX_VGPR32d_VGPR32d_VGPR32d,-,no,0.5,1
SHRX_VGPR64q_MEMq_VGPR64q,-,no,0.5,6
SHRX_VGPR64q_VGPR64q_VGPR64q,-,no,0.5,1
SHUFPD_XMMpd_MEMpd_IMMb,-,no,0.5,7
SHUFPD_XMMpd_XMMpd_IMMb,-,no,0.5,1
SHUFPS_XMMps_XMMps_IMMb,-,no,0.5,1
SHUFPS_XMMps_MEMps_IMMb,-,no,0.5,7
SQRTPD_XMMpd_XMMpd,-,no,6,18
SQRTPD_XMMpd_MEMpd,-,no,6,24
SQRTPS_XMMps_XMMps,-,no,3,12
SQRTPS_XMMps_MEMps,-,no,3,18
SQRTSD_XMMsd_MEMsd,-,no,6,24
SQRTSD_XMMsd_XMMsd,-,no,6,18
SQRTSS_XMMss_MEMss,-,no,3,18
SQRTSS_XMMss_XMMss,-,no,3,12
STC,-,no,0.2,
SUB_AL_IMMb,-,no,0.2,1
SUB_GPR8_GPR8_28,-,no,0.2,1
SUB_GPRv_GPRv_29,16,no,0.2,1
SUB_MEMb_GPR8,-,no,0.5,7
SUB_MEMb_IMMb_80r5,-,no,0.5,7
SUB_GPR8_GPR8_2A,-,no,0.2,1
SUB_MEMv_GPRv,32,no,0.5,7
SUB_MEMv_IMMz,32,no,0.5,7
SUB_MEMv_IMMb,32,no,0.5,7
SUB_GPRv_GPRv_29,32,no,0.2,1
SUB_MEMv_IMMb,64,no,0.5,7
SUB_MEMv_IMMz,64,no,0.5,7
SUB_MEMv_GPRv,64,no,0.5,7
SUB_GPRv_MEMv,32,no,0.333333333,6
SUB_GPRv_MEMv,16,no,0.333333333,6
SUB_GPRv_IMMz,64,no,0.2,
SUB_GPRv_GPRv_29,64,no,0.2,1
SUB_GPRv_IMMz,32,no,0.2,1
SUB_GPRv_IMMz,16,no,0.2,1
SUB_GPRv_IMMb,64,no,0.2,
SUB_GPRv_IMMb,32,no,0.2,1
SUB_GPRv_IMMb,16,no,0.2,1
SUB_GPRv_GPRv_2B,32,no,0.2,1
SUB_GPRv_GPRv_2B,16,no,0.2,1
SUB_GPR8_IMMb_80r5,-,no,0.2,1
SUB_GPRv_GPRv_2B,64,no,0.2,1
SUB_GPRv_MEMv,64,no,0.333333333,6
SUB_GPR8_MEMb,-,no,0.333333333,6
SUB_MEMv_IMMz,16,no,0.5,7
SUB_MEMv_IMMb,16,no,0.5,7
SUB_MEMv_GPRv,16,no,0.5,7
SUBPD_XMMpd_MEMpd,-,no,0.5,9
SUBPD_XMMpd_XMMpd,-,no,0.5,2
SUBPS_XMMps_MEMps,-,no,0.5,
SUBPS_XMMps_XMMps,-,no,0.5,
SUBSD_XMMsd_XMMsd,-,no,0.5,2
SUBSD_XMMsd_MEMsd,-,no,0.5,9
SUBSS_XMMss_MEMss,-,no,0.5,9
SUBSS_XMMss_XMMss,-,no,0.5,2
TEST_AL_IMMb,-,no,0.2,1
TEST_MEMb_IMMb_F6r0,-,no,0.333333333,6
TEST_MEMb_GPR8,-,no,0.333333333,6
TEST_MEMb_IMMb_F6r1,-,no,0.333333333,6
TEST_GPRv_IMMz_F7r1,16,no,0.2,1
TEST_GPR8_GPR8,-,no,0.2,1
TEST_MEMv_GPRv,32,no,0.333333333,6
TEST_MEMv_IMMz_F7r0,32,no,0.333333333,6
TEST_MEMv_IMMz_F7r1,32,no,0.333333333,6
TEST_GPRv_IMMz_F7r1,32,no,0.2,1
TEST_GPRv_IMMz_F7r0,32,no,0.2,1
TEST_MEMv_GPRv,64,no,0.333333333,6
TEST_MEMv_IMMz_F7r1,64,no,0.333333333,6
TEST_MEMv_IMMz_F7r0,64,no,0.333333333,6
TEST_GPR8_IMMb_F6r0,-,no,0.2,1
TEST_GPRv_GPRv,32,no,0.2,1
TEST_GPR8_IMMb_F6r1,-,no,0.2,1
TEST_GPRv_IMMz_F7r0,64,no,0.2,1
TEST_GPRv_GPRv,64,no,0.2,1
TEST_GPRv_GPRv,16,no,0.2,1
TEST_GPRv_IMMz_F7r1,64,no,0.2,1
TEST_GPRv_IMMz_F7r0,16,no,0.2,1
TEST_MEMv_IMMz_F7r1,16,no,0.333333333,6
TEST_MEMv_IMMz_F7r0,16,no,0.333333333,6
TEST_MEMv_GPRv,16,no,0.333333333,6
TZCNT_GPRv_GPRv,16,no,1,
TZCNT_GPRv_MEMv,64,no,1,8
TZCNT_GPRv_GPRv,32,no,1,3
TZCNT_GPRv_MEMv,32,no,1,8
TZCNT_GPRv_GPRv,64,no,1,3
UCOMISD_XMMsd_MEMsd,-,no,1,9
UCOMISD_XMMsd_XMMsd,-,no,1,3
UCOMISS_XMMss_MEMss,-,no,1,9
UCOMISS_XMMss_XMMss,-,no,1,3
UNPCKHPD_XMMpd_XMMq,-,no,1,1
UNPCKHPD_XMMpd_MEMdq,-,no,1,7
UNPCKHPS_XMMps_MEMdq,-,no,1,7
UNPCKHPS_XMMps_XMMdq,-,no,1,1
UNPCKLPD_XMMpd_MEMdq,-,no,1,7
UNPCKLPD_XMMpd_XMMq,-,no,1,1
UNPCKLPS_XMMps_XMMq,-,no,1,1
UNPCKLPS_XMMps_MEMdq,-,no,1,7
VADDPD_XMMdq_XMMdq_MEMdq,-,no,0.5,9
VADDPD_XMMdq_XMMdq_XMMdq,-,no,0.5,2
VADDPD_YMMqq_YMMqq_MEMqq,-,no,0.5,10
VADDPD_YMMqq_YMMqq_YMMqq,-,no,0.5,2
VADDPS_XMMdq_XMMdq_XMMdq,-,no,0.5,2
VADDPS_XMMdq_XMMdq_MEMdq,-,no,0.5,9
VADDPS_YMMqq_YMMqq_YMMqq,-,no,0.5,2
VADDPS_YMMqq_YMMqq_MEMqq,-,no,0.5,10
VADDSD_XMMdq_XMMdq_MEMq,-,no,0.5,9
VADDSD_XMMdq_XMMdq_XMMq,-,no,0.5,2
VADDSS_XMMdq_XMMdq_XMMd,-,no,0.5,2
VADDSS_XMMdq_XMMdq_MEMd,-,no,0.5,9
VADDSUBPD_XMMdq_XMMdq_XMMdq,-,no,0.5,2
VADDSUBPD_XMMdq_XMMdq_MEMdq,-,no,0.5,9
VADDSUBPD_YMMqq_YMMqq_YMMqq,-,no,0.5,2
VADDSUBPD_YMMqq_YMMqq_MEMqq,-,no,0.5,10
VADDSUBPS_XMMdq_XMMdq_MEMdq,-,no,0.5,9
VADDSUBPS_XMMdq_XMMdq_XMMdq,-,no,0.5,2
VADDSUBPS_YMMqq_YMMqq_YMMqq,-,no,0.5,2
VADDSUBPS_YMMqq_YMMqq_MEMqq,-,no,0.5,10
VAESDEC_XMMdq_XMMdq_MEMdq,-,no,0.5,11
VAESDEC_XMMdq_XMMdq_XMMdq,-,no,0.5,3
VAESDEC_YMMu128_YMMu128_MEMu128,-,no,0.5,11
VAESDEC_YMMu128_YMMu128_YMMu128,-,no,0.5,3
VAESDECLAST_XMMdq_XMMdq_MEMdq,-,no,0.5,11
VAESDECLAST_XMMdq_XMMdq_XMMdq,-,no,0.5,3
VAESDECLAST_YMMu128_YMMu128_MEMu128,-,no,0.5,11
VAESDECLAST_YMMu128_YMMu128_YMMu128,-,no,0.5,3
VAESENC_XMMdq_XMMdq_XMMdq,-,no,0.5,3
VAESENC_XMMdq_XMMdq_MEMdq,-,no,0.5,11
VAESENC_YMMu128_YMMu128_MEMu128,-,no,0.5,11
VAESENC_YMMu128_YMMu128_YMMu128,-,no,0.5,3
VAESENCLAST_XMMdq_XMMdq_XMMdq,-,no,0.5,3
VAESENCLAST_XMMdq_XMMdq_MEMdq,-,no,0.5,11
VAESENCLAST_YMMu128_YMMu128_YMMu128,-,no,0.5,3
VAESENCLAST_YMMu128_YMMu128_MEMu128,-,no,0.5,11
VAESIMC_XMMdq_XMMdq,-,no,1,6
VAESIMC_XMMdq_MEMdq,-,no,1,14
VANDNPD_XMMdq_XMMdq_MEMdq,-,no,0.333333333,7
VANDNPD_XMMdq_XMMdq_XMMdq,-,no,0.333333333,1
VANDNPD_YMMqq_YMMqq_YMMqq,-,no,0.333333333,1
VANDNPD_YMMqq_YMMqq_MEMqq,-,no,0.333333333,8
VANDNPS_XMMdq_XMMdq_MEMdq,-,no,0.333333333,7
VANDNPS_XMMdq_XMMdq_XMMdq,-,no,0.333333333,1
VANDNPS_YMMqq_YMMqq_YMMqq,-,no,0.333333333,1
VANDNPS_YMMqq_YMMqq_MEMqq,-,no,0.333333333,8
VANDPD_XMMdq_XMMdq_XMMdq,-,no,0.333333333,1
VANDPD_XMMdq_XMMdq_MEMdq,-,no,0.333333333,7
VANDPD_YMMqq_YMMqq_MEMqq,-,no,0.333333333,8
VANDPD_YMMqq_YMMqq_YMMqq,-,no,0.333333333,1
VANDPS_XMMdq_XMMdq_MEMdq,-,no,0.333333333,7
VANDPS_XMMdq_XMMdq_XMMdq,-,no,0.333333333,1
VANDPS_YMMqq_YMMqq_MEMqq,-,no,0.333333333,8
VANDPS_YMMqq_YMMqq_YMMqq,-,no,0.333333333,1
VBLENDPD_XMMdq_XMMdq_XMMdq_IMMb,-,no,0.333333333,1
VBLENDPD_XMMdq_XMMdq_MEMdq_IMMb,-,no,0.333333333,7
VBLENDPD_YMMqq_YMMqq_YMMqq_IMMb,-,no,0.333333333,1
VBLENDPD_YMMqq_YMMqq_MEMqq_IMMb,-,no,0.333333333,8
VBLENDPS_XMMdq_XMMdq_XMMdq_IMMb,-,no,0.333333333,1
VBLENDPS_XMMdq_XMMdq_MEMdq_IMMb,-,no,0.333333333,7
VBLENDPS_YMMqq_YMMqq_MEMqq_IMMb,-,no,0.333333333,8
VBLENDPS_YMMqq_YMMqq_YMMqq_IMMb,-,no,0.333333333,1
VBLENDVPD_XMMdq_XMMdq_MEMdq_XMMdq,-,no,1,8
VBLENDVPD_XMMdq_XMMdq_XMMdq_XMMdq,-,no,1,3
VBLENDVPD_YMMqq_YMMqq_YMMqq_YMMqq,-,no,1,3
VBLENDVPD_YMMqq_YMMqq_MEMqq_YMMqq,-,no,1,9
VBLENDVPS_XMMdq_XMMdq_MEMdq_XMMdq,-,no,1,8
VBLENDVPS_XMMdq_XMMdq_XMMdq_XMMdq,-,no,1,3
VBLENDVPS_YMMqq_YMMqq_MEMqq_YMMqq,-,no,1,9
VBLENDVPS_YMMqq_YMMqq_YMMqq_YMMqq,-,no,1,3
VBROADCASTF128_YMMqq_MEMdq,-,no,0.333333333,7
VBROADCASTI128_YMMqq_MEMdq,-,no,0.333333333,7
VBROADCASTSD_YMMqq_XMMdq,-,no,1,3
VBROADCASTSD_YMMqq_MEMq,-,no,0.333333333,7
VBROADCASTSS_XMMdq_XMMdq,-,no,1,1
VBROADCASTSS_XMMdq_MEMd,-,no,0.333333333,6
VBROADCASTSS_YMMqq_XMMdq,-,no,1,3
VBROADCASTSS_YMMqq_MEMd,-,no,0.333333333,7
VCMPPD_XMMdq_XMMdq_XMMdq_IMMb,-,no,0.5,4
VCMPPD_XMMdq_XMMdq_MEMdq_IMMb,-,no,0.5,10
VCMPPD_YMMqq_YMMqq_YMMqq_IMMb,-,no,0.5,4
VCMPPD_YMMqq_YMMqq_MEMqq_IMMb,-,no,0.5,11
VCMPPS_XMMdq_XMMdq_XMMdq_IMMb,-,no,0.5,4
VCMPPS_XMMdq_XMMdq_MEMdq_IMMb,-,no,0.5,10
VCMPPS_YMMqq_YMMqq_YMMqq_IMMb,-,no,0.5,4
VCMPPS_YMMqq_YMMqq_MEMqq_IMMb,-,no,0.5,11
VCMPSD_XMMdq_XMMdq_XMMq_IMMb,-,no,0.5,4
VCMPSD_XMMdq_XMMdq_MEMq_IMMb,-,no,0.5,10
VCMPSS_XMMdq_XMMdq_XMMd_IMMb,-,no,0.5,4
VCMPSS_XMMdq_XMMdq_MEMd_IMMb,-,no,0.5,10
VCOMISD_XMMq_XMMq,-,no,1,3
VCOMISD_XMMq_MEMq,-,no,1,9
VCOMISS_XMMd_XMMd,-,no,1,3
VCOMISS_XMMd_MEMd,-,no,1,9
VCVTDQ2PD_XMMdq_XMMq,-,no,1,5
VCVTDQ2PD_XMMdq_MEMq,-,no,0.5,10
VCVTDQ2PD_YMMqq_XMMdq,-,no,1,7
VCVTDQ2PS_XMMdq_XMMdq,-,no,0.5,4
VCVTDQ2PS_XMMdq_MEMdq,-,no,0.5,10
VCVTDQ2PS_YMMqq_MEMqq,-,no,0.5,11
VCVTDQ2PS_YMMqq_YMMqq,-,no,0.5,4
VCVTPD2DQ_XMMdq_XMMdq,-,no,1,
VCVTPD2DQ_XMMdq_YMMqq,-,no,1,7
VCVTPD2DQ_XMMdq_MEMqq,-,no,1,14
VCVTPD2DQ_XMMdq_MEMdq,-,no,1,11
VCVTPD2PS_XMMdq_XMMdq,-,no,1,
VCVTPD2PS_XMMdq_YMMqq,-,no,1,7
VCVTPD2PS_XMMdq_MEMqq,-,no,1,14
VCVTPD2PS_XMMdq_MEMdq,-,no,1,11
VCVTPH2PS_XMMdq_MEMq,-,no,0.5,11
VCVTPH2PS_XMMdq_XMMq,-,no,1,
VCVTPH2PS_YMMqq_XMMdq,-,no,1,
VCVTPH2PS_YMMqq_MEMdq,-,no,0.5,
VCVTPS2DQ_XMMdq_XMMdq,-,no,0.5,4
VCVTPS2DQ_XMMdq_MEMdq,-,no,0.5,10
VCVTPS2DQ_YMMqq_YMMqq,-,no,0.5,4
VCVTPS2DQ_YMMqq_MEMqq,-,no,0.5,11
VCVTPS2PD_XMMdq_XMMq,-,no,1,
VCVTPS2PD_XMMdq_MEMq,-,no,0.5,10
VCVTPS2PD_YMMqq_XMMdq,-,no,1,7
VCVTPS2PD_YMMqq_MEMdq,-,no,0.5,11
VCVTPS2PH_MEMdq_YMMqq_IMMb,-,no,0.5,
VCVTPS2PH_MEMq_XMMdq_IMMb,-,no,0.5,
VCVTPS2PH_XMMq_XMMdq_IMMb,-,no,1,6
VCVTPS2PH_XMMdq_YMMqq_IMMb,-,no,1,8
VCVTSD2SI_GPR32d_MEMq,-,no,1,12
VCVTSD2SI_GPR32d_XMMq,-,no,1,7
VCVTSD2SI_GPR64q_XMMq,-,no,1,7
VCVTSD2SI_GPR64q_MEMq,-,no,1,12
VCVTSD2SS_XMMdq_XMMdq_XMMq,-,no,1,5
VCVTSD2SS_XMMdq_XMMdq_MEMq,-,no,1,11
VCVTSI2SD_XMMdq_XMMdq_GPR32d,-,no,1,
VCVTSI2SD_XMMdq_XMMdq_MEMq,-,no,0.5,10
VCVTSI2SD_XMMdq_XMMdq_MEMd,-,no,0.5,10
VCVTSI2SD_XMMdq_XMMdq_GPR64q,-,no,1,
VCVTSI2SS_XMMdq_XMMdq_MEMd,-,no,0.5,10
VCVTSI2SS_XMMdq_XMMdq_GPR64q,-,no,2,
VCVTSI2SS_XMMdq_XMMdq_GPR32d,-,no,1,
VCVTSI2SS_XMMdq_XMMdq_MEMq,-,no,1,11
VCVTSS2SD_XMMdq_XMMdq_XMMd,-,no,1,
VCVTSS2SD_XMMdq_XMMdq_MEMd,-,no,0.5,10
VCVTSS2SI_GPR32d_XMMd,-,no,1,7
VCVTSS2SI_GPR32d_MEMd,-,no,1,12
VCVTSS2SI_GPR64q_MEMd,-,no,1,12
VCVTSS2SI_GPR64q_XMMd,-,no,1,
VCVTTPD2DQ_XMMdq_YMMqq,-,no,1,7
VCVTTPD2DQ_XMMdq_XMMdq,-,no,1,
VCVTTPD2DQ_XMMdq_MEMdq,-,no,1,11
VCVTTPD2DQ_XMMdq_MEMqq,-,no,1,14
VCVTTPS2DQ_XMMdq_XMMdq,-,no,0.5,4
VCVTTPS2DQ_XMMdq_MEMdq,-,no,0.5,10
VCVTTPS2DQ_YMMqq_MEMqq,-,no,0.5,11
VCVTTPS2DQ_YMMqq_YMMqq,-,no,0.5,4
VCVTTSD2SI_GPR32d_XMMq,-,no,1,7
VCVTTSD2SI_GPR32d_MEMq,-,no,1,12
VCVTTSD2SI_GPR64q_MEMq,-,no,1,12
VCVTTSD2SI_GPR64q_XMMq,-,no,1,7
VCVTTSS2SI_GPR32d_MEMd,-,no,1,12
VCVTTSS2SI_GPR32d_XMMd,-,no,1,7
VCVTTSS2SI_GPR64q_XMMd,-,no,1,8
VCVTTSS2SI_GPR64q_MEMd,-,no,1,12
VDIVPD_XMMdq_XMMdq_XMMdq,-,no,4,14
VDIVPD_XMMdq_XMMdq_MEMdq,-,no,4,20
VDIVPD_YMMqq_YMMqq_MEMqq,-,no,8,
VDIVPD_YMMqq_YMMqq_YMMqq,-,no,8,14
VDIVPS_XMMdq_XMMdq_MEMdq,-,no,3,17
VDIVPS_XMMdq_XMMdq_XMMdq,-,no,3,11
VDIVPS_YMMqq_YMMqq_YMMqq,-,no,5,11
VDIVPS_YMMqq_YMMqq_MEMqq,-,no,5,18
VDIVSD_XMMdq_XMMdq_XMMq,-,no,4,14
VDIVSD_XMMdq_XMMdq_MEMq,-,no,4,20
VDIVSS_XMMdq_XMMdq_XMMd,-,no,3,11
VDIVSS_XMMdq_XMMdq_MEMd,-,no,3,17
VDPPD_XMMdq_XMMdq_XMMdq_IMMb,-,no,1,9
VDPPD_XMMdq_XMMdq_MEMdq_IMMb,-,no,1,15
VEXTRACTF128_MEMdq_YMMdq_IMMb,-,no,0.5,1
VEXTRACTF128_XMMdq_YMMdq_IMMb,-,no,1,3
VEXTRACTI128_MEMdq_YMMqq_IMMb,-,no,0.5,1
VEXTRACTI128_XMMdq_YMMqq_IMMb,-,no,1,3
VEXTRACTPS_MEMd_XMMdq_IMMb,-,no,1,2
VEXTRACTPS_GPR32_XMMdq_IMMb,-,no,1,
VFMADD132PD_XMMdq_XMMdq_XMMdq,-,no,0.5,4
VFMADD132PD_XMMdq_XMMdq_MEMdq,-,no,0.5,10
VFMADD132PD_YMMqq_YMMqq_YMMqq,-,no,0.5,4
VFMADD132PD_YMMqq_YMMqq_MEMqq,-,no,0.5,11
VFMADD132PS_XMMdq_XMMdq_MEMdq,-,no,0.5,10
VFMADD132PS_XMMdq_XMMdq_XMMdq,-,no,0.5,4
VFMADD132PS_YMMqq_YMMqq_YMMqq,-,no,0.5,4
VFMADD132PS_YMMqq_YMMqq_MEMqq,-,no,0.5,11
VFMADD132SD_XMMdq_XMMq_MEMq,-,no,0.5,10
VFMADD132SD_XMMdq_XMMq_XMMq,-,no,0.5,4
VFMADD132SS_XMMdq_XMMd_MEMd,-,no,0.5,10
VFMADD132SS_XMMdq_XMMd_XMMd,-,no,0.5,4
VFMADD213PD_XMMdq_XMMdq_MEMdq,-,no,0.5,10
VFMADD213PD_XMMdq_XMMdq_XMMdq,-,no,0.5,4
VFMADD213PD_YMMqq_YMMqq_YMMqq,-,no,0.5,4
VFMADD213PD_YMMqq_YMMqq_MEMqq,-,no,0.5,11
VFMADD213PS_XMMdq_XMMdq_XMMdq,-,no,0.5,4
VFMADD213PS_XMMdq_XMMdq_MEMdq,-,no,0.5,10
VFMADD213PS_YMMqq_YMMqq_YMMqq,-,no,0.5,4
VFMADD213PS_YMMqq_YMMqq_MEMqq,-,no,0.5,11
VFMADD213SD_XMMdq_XMMq_XMMq,-,no,0.5,4
VFMADD213SD_XMMdq_XMMq_MEMq,-,no,0.5,10
VFMADD213SS_XMMdq_XMMd_XMMd,-,no,0.5,4
VFMADD213SS_XMMdq_XMMd_MEMd,-,no,0.5,10
VFMADD231PD_XMMdq_XMMdq_XMMdq,-,no,0.5,4
VFMADD231PD_XMMdq_XMMdq_MEMdq,-,no,0.5,10
VFMADD231PD_YMMqq_YMMqq_MEMqq,-,no,0.5,11
VFMADD231PD_YMMqq_YMMqq_YMMqq,-,no,0.5,4
VFMADD231PS_XMMdq_XMMdq_MEMdq,-,no,0.5,10
VFMADD231PS_XMMdq_XMMdq_XMMdq,-,no,0.5,4
VFMADD231PS_YMMqq_YMMqq_MEMqq,-,no,0.5,11
VFMADD231PS_YMMqq_YMMqq_YMMqq,-,no,0.5,4
VFMADD231SD_XMMdq_XMMq_MEMq,-,no,0.5,10
VFMADD231SD_XMMdq_XMMq_XMMq,-,no,0.5,4
VFMADD231SS_XMMdq_XMMd_MEMd,-,no,0.5,10
VFMADD231SS_XMMdq_XMMd_XMMd,-,no,0.5,4
VFMADDSUB132PD_XMMdq_XMMdq_MEMdq,-,no,0.5,10
VFMADDSUB132PD_XMMdq_XMMdq_XMMdq,-,no,0.5,4
VFMADDSUB132PD_YMMqq_YMMqq_MEMqq,-,no,0.5,11
VFMADDSUB132PD_YMMqq_YMMqq_YMMqq,-,no,0.5,4
VFMADDSUB132PS_XMMdq_XMMdq_XMMdq,-,no,0.5,4
VFMADDSUB132PS_XMMdq_XMMdq_MEMdq,-,no,0.5,10
VFMADDSUB132PS_YMMqq_YMMqq_MEMqq,-,no,0.5,11
VFMADDSUB132PS_YMMqq_YMMqq_YMMqq,-,no,0.5,4
VFMADDSUB213PD_XMMdq_XMMdq_XMMdq,-,no,0.5,4
VFMADDSUB213PD_XMMdq_XMMdq_MEMdq,-,no,0.5,10
VFMADDSUB213PD_YMMqq_YMMqq_YMMqq,-,no,0.5,4
VFMADDSUB213PD_YMMqq_YMMqq_MEMqq,-,no,0.5,11
VFMADDSUB213PS_XMMdq_XMMdq_XMMdq,-,no,0.5,4
VFMADDSUB213PS_XMMdq_XMMdq_MEMdq,-,no,0.5,10
VFMADDSUB213PS_YMMqq_YMMqq_YMMqq,-,no,0.5,4
VFMADDSUB213PS_YMMqq_YMMqq_MEMqq,-,no,0.5,11
VFMADDSUB231PD_XMMdq_XMMdq_XMMdq,-,no,0.5,4
VFMADDSUB231PD_XMMdq_XMMdq_MEMdq,-,no,0.5,10
VFMADDSUB231PD_YMMqq_YMMqq_YMMqq,-,no,0.5,4
VFMADDSUB231PD_YMMqq_YMMqq_MEMqq,-,no,0.5,11
VFMADDSUB231PS_XMMdq_XMMdq_MEMdq,-,no,0.5,10
VFMADDSUB231PS_XMMdq_XMMdq_XMMdq,-,no,0.5,4
VFMADDSUB231PS_YMMqq_YMMqq_YMMqq,-,no,0.5,4
VFMADDSUB231PS_YMMqq_YMMqq_MEMqq,-,no,0.5,11
VFMSUB132PD_XMMdq_XMMdq_MEMdq,-,no,0.5,10
VFMSUB132PD_XMMdq_XMMdq_XMMdq,-,no,0.5,4
VFMSUB132PD_YMMqq_YMMqq_MEMqq,-,no,0.5,11
VFMSUB132PD_YMMqq_YMMqq_YMMqq,-,no,0.5,4
VFMSUB132PS_XMMdq_XMMdq_MEMdq,-,no,0.5,10
VFMSUB132PS_XMMdq_XMMdq_XMMdq,-,no,0.5,4
VFMSUB132PS_YMMqq_YMMqq_MEMqq,-,no,0.5,11
VFMSUB132PS_YMMqq_YMMqq_YMMqq,-,no,0.5,4
VFMSUB132SD_XMMdq_XMMq_MEMq,-,no,0.5,10
VFMSUB132SD_XMMdq_XMMq_XMMq,-,no,0.5,4
VFMSUB132SS_XMMdq_XMMd_XMMd,-,no,0.5,4
VFMSUB132SS_XMMdq_XMMd_MEMd,-,no,0.5,10
VFMSUB213PD_XMMdq_XMMdq_XMMdq,-,no,0.5,4
VFMSUB213PD_XMMdq_XMMdq_MEMdq,-,no,0.5,10
VFMSUB213PD_YMMqq_YMMqq_MEMqq,-,no,0.5,11
VFMSUB213PD_YMMqq_YMMqq_YMMqq,-,no,0.5,4
VFMSUB213PS_XMMdq_XMMdq_XMMdq,-,no,0.5,4
VFMSUB213PS_XMMdq_XMMdq_MEMdq,-,no,0.5,10
VFMSUB213PS_YMMqq_YMMqq_MEMqq,-,no,0.5,11
VFMSUB213PS_YMMqq_YMMqq_YMMqq,-,no,0.5,4
VFMSUB213SD_XMMdq_XMMq_XMMq,-,no,0.5,4
VFMSUB213SD_XMMdq_XMMq_MEMq,-,no,0.5,10
VFMSUB213SS_XMMdq_XMMd_MEMd,-,no,0.5,10
VFMSUB213SS_XMMdq_XMMd_XMMd,-,no,0.5,4
VFMSUB231PD_XMMdq_XMMdq_MEMdq,-,no,0.5,10
VFMSUB231PD_XMMdq_XMMdq_XMMdq,-,no,0.5,4
VFMSUB231PD_YMMqq_YMMqq_YMMqq,-,no,0.5,4
VFMSUB231PD_YMMqq_YMMqq_MEMqq,-,no,0.5,11
VFMSUB231PS_XMMdq_XMMdq_MEMdq,-,no,0.5,10
VFMSUB231PS_XMMdq_XMMdq_XMMdq,-,no,0.5,4
VFMSUB231PS_YMMqq_YMMqq_YMMqq,-,no,0.5,4
VFMSUB231PS_YMMqq_YMMqq_MEMqq,-,no,0.5,11
VFMSUB231SD_XMMdq_XMMq_MEMq,-,no,0.5,10
VFMSUB231SD_XMMdq_XMMq_XMMq,-,no,0.5,4
VFMSUB231SS_XMMdq_XMMd_XMMd,-,no,0.5,4
VFMSUB231SS_XMMdq_XMMd_MEMd,-,no,0.5,10
VFMSUBADD132PD_XMMdq_XMMdq_XMMdq,-,no,0.5,4
VFMSUBADD132PD_XMMdq_XMMdq_MEMdq,-,no,0.5,10
VFMSUBADD132PD_YMMqq_YMMqq_YMMqq,-,no,0.5,4
VFMSUBADD132PD_YMMqq_YMMqq_MEMqq,-,no,0.5,11
VFMSUBADD132PS_XMMdq_XMMdq_XMMdq,-,no,0.5,4
VFMSUBADD132PS_XMMdq_XMMdq_MEMdq,-,no,0.5,10
VFMSUBADD132PS_YMMqq_YMMqq_YMMqq,-,no,0.5,4
VFMSUBADD132PS_YMMqq_YMMqq_MEMqq,-,no,0.5,11
VFMSUBADD213PD_XMMdq_XMMdq_XMMdq,-,no,0.5,4
VFMSUBADD213PD_XMMdq_XMMdq_MEMdq,-,no,0.5,10
VFMSUBADD213PD_YMMqq_YMMqq_MEMqq,-,no,0.5,11
VFMSUBADD213PD_YMMqq_YMMqq_YMMqq,-,no,0.5,4
VFMSUBADD213PS_XMMdq_XMMdq_MEMdq,-,no,0.5,10
VFMSUBADD213PS_XMMdq_XMMdq_XMMdq,-,no,0.5,4
VFMSUBADD213PS_YMMqq_YMMqq_MEMqq,-,no,0.5,11
VFMSUBADD213PS_YMMqq_YMMqq_YMMqq,-,no,0.5,4
VFMSUBADD231PD_XMMdq_XMMdq_MEMdq,-,no,0.5,10
VFMSUBADD231PD_XMMdq_XMMdq_XMMdq,-,no,0.5,4
VFMSUBADD231PD_YMMqq_YMMqq_MEMqq,-,no,0.5,11
VFMSUBADD231PD_YMMqq_YMMqq_YMMqq,-,no,0.5,4
VFMSUBADD231PS_XMMdq_XMMdq_MEMdq,-,no,0.5,10
VFMSUBADD231PS_XMMdq_XMMdq_XMMdq,-,no,0.5,4
VFMSUBADD231PS_YMMqq_YMMqq_MEMqq,-,no,0.5,11
VFMSUBADD231PS_YMMqq_YMMqq_YMMqq,-,no,0.5,4
VFNMADD132PD_XMMdq_XMMdq_MEMdq,-,no,0.5,10
VFNMADD132PD_XMMdq_XMMdq_XMMdq,-,no,0.5,4
VFNMADD132PD_YMMqq_YMMqq_YMMqq,-,no,0.5,4
VFNMADD132PD_YMMqq_YMMqq_MEMqq,-,no,0.5,11
VFNMADD132PS_XMMdq_XMMdq_XMMdq,-,no,0.5,4
VFNMADD132PS_XMMdq_XMMdq_MEMdq,-,no,0.5,10
VFNMADD132PS_YMMqq_YMMqq_YMMqq,-,no,0.5,4
VFNMADD132PS_YMMqq_YMMqq_MEMqq,-,no,0.5,11
VFNMADD132SD_XMMdq_XMMq_XMMq,-,no,0.5,4
VFNMADD132SD_XMMdq_XMMq_MEMq,-,no,0.5,10
VFNMADD132SS_XMMdq_XMMd_XMMd,-,no,0.5,4
VFNMADD132SS_XMMdq_XMMd_MEMd,-,no,0.5,10
VFNMADD213PD_XMMdq_XMMdq_XMMdq,-,no,0.5,4
VFNMADD213PD_XMMdq_XMMdq_MEMdq,-,no,0.5,10
VFNMADD213PD_YMMqq_YMMqq_YMMqq,-,no,0.5,4
VFNMADD213PD_YMMqq_YMMqq_MEMqq,-,no,0.5,11
VFNMADD213PS_XMMdq_XMMdq_MEMdq,-,no,0.5,10
VFNMADD213PS_XMMdq_XMMdq_XMMdq,-,no,0.5,4
VFNMADD213PS_YMMqq_YMMqq_YMMqq,-,no,0.5,4
VFNMADD213PS_YMMqq_YMMqq_MEMqq,-,no,0.5,11
VFNMADD213SD_XMMdq_XMMq_MEMq,-,no,0.5,10
VFNMADD213SD_XMMdq_XMMq_XMMq,-,no,0.5,4
VFNMADD213SS_XMMdq_XMMd_MEMd,-,no,0.5,10
VFNMADD213SS_XMMdq_XMMd_XMMd,-,no,0.5,4
VFNMADD231PD_XMMdq_XMMdq_MEMdq,-,no,0.5,10
VFNMADD231PD_XMMdq_XMMdq_XMMdq,-,no,0.5,4
VFNMADD231PD_YMMqq_YMMqq_MEMqq,-,no,0.5,11
VFNMADD231PD_YMMqq_YMMqq_YMMqq,-,no,0.5,4
VFNMADD231PS_XMMdq_XMMdq_XMMdq,-,no,0.5,4
VFNMADD231PS_XMMdq_XMMdq_MEMdq,-,no,0.5,10
VFNMADD231PS_YMMqq_YMMqq_MEMqq,-,no,0.5,11
VFNMADD231PS_YMMqq_YMMqq_YMMqq,-,no,0.5,4
VFNMADD231SD_XMMdq_XMMq_XMMq,-,no,0.5,4
VFNMADD231SD_XMMdq_XMMq_MEMq,-,no,0.5,10
VFNMADD231SS_XMMdq_XMMd_XMMd,-,no,0.5,4
VFNMADD231SS_XMMdq_XMMd_MEMd,-,no,0.5,10
VFNMSUB132PD_XMMdq_XMMdq_XMMdq,-,no,0.5,4
VFNMSUB132PD_XMMdq_XMMdq_MEMdq,-,no,0.5,10
VFNMSUB132PD_YMMqq_YMMqq_MEMqq,-,no,0.5,11
VFNMSUB132PD_YMMqq_YMMqq_YMMqq,-,no,0.5,4
VFNMSUB132PS_XMMdq_XMMdq_MEMdq,-,no,0.5,10
VFNMSUB132PS_XMMdq_XMMdq_XMMdq,-,no,0.5,4
VFNMSUB132PS_YMMqq_YMMqq_MEMqq,-,no,0.5,11
VFNMSUB132PS_YMMqq_YMMqq_YMMqq,-,no,0.5,4
VFNMSUB132SD_XMMdq_XMMq_MEMq,-,no,0.5,10
VFNMSUB132SD_XMMdq_XMMq_XMMq,-,no,0.5,4
VFNMSUB132SS_XMMdq_XMMd_MEMd,-,no,0.5,10
VFNMSUB132SS_XMMdq_XMMd_XMMd,-,no,0.5,4
VFNMSUB213PD_XMMdq_XMMdq_MEMdq,-,no,0.5,10
VFNMSUB213PD_XMMdq_XMMdq_XMMdq,-,no,0.5,4
VFNMSUB213PD_YMMqq_YMMqq_YMMqq,-,no,0.5,4
VFNMSUB213PD_YMMqq_YMMqq_MEMqq,-,no,0.5,11
VFNMSUB213PS_XMMdq_XMMdq_XMMdq,-,no,0.5,4
VFNMSUB213PS_XMMdq_XMMdq_MEMdq,-,no,0.5,10
VFNMSUB213PS_YMMqq_YMMqq_YMMqq,-,no,0.5,4
VFNMSUB213PS_YMMqq_YMMqq_MEMqq,-,no,0.5,11
VFNMSUB213SD_XMMdq_XMMq_XMMq,-,no,0.5,4
VFNMSUB213SD_XMMdq_XMMq_MEMq,-,no,0.5,10
VFNMSUB213SS_XMMdq_XMMd_XMMd,-,no,0.5,4
VFNMSUB213SS_XMMdq_XMMd_MEMd,-,no,0.5,10
VFNMSUB231PD_XMMdq_XMMdq_XMMdq,-,no,0.5,4
VFNMSUB231PD_XMMdq_XMMdq_MEMdq,-,no,0.5,10
VFNMSUB231PD_YMMqq_YMMqq_YMMqq,-,no,0.5,4
VFNMSUB231PD_YMMqq_YMMqq_MEMqq,-,no,0.5,11
VFNMSUB231PS_XMMdq_XMMdq_MEMdq,-,no,0.5,10
VFNMSUB231PS_XMMdq_XMMdq_XMMdq,-,no,0.5,4
VFNMSUB231PS_YMMqq_YMMqq_YMMqq,-,no,0.5,4
VFNMSUB231PS_YMMqq_YMMqq_MEMqq,-,no,0.5,11
VFNMSUB231SD_XMMdq_XMMq_MEMq,-,no,0.5,10
VFNMSUB231SD_XMMdq_XMMq_XMMq,-,no,0.5,4
VFNMSUB231SS_XMMdq_XMMd_MEMd,-,no,0.5,10
VFNMSUB231SS_XMMdq_XMMd_XMMd,-,no,0.5,4
VGF2P8AFFINEINVQB_XMMu8_XMMu8_XMMu64_IMM8,-,no,0.5,3
VGF2P8AFFINEINVQB_XMMu8_XMMu8_MEMu64_IMM8,-,no,0.5,11
VGF2P8AFFINEINVQB_YMMu8_YMMu8_YMMu64_IMM8,-,no,0.5,3
VGF2P8AFFINEINVQB_YMMu8_YMMu8_MEMu64_IMM8,-,no,0.5,11
VGF2P8AFFINEQB_XMMu8_XMMu8_XMMu64_IMM8,-,no,0.5,3
VGF2P8AFFINEQB_XMMu8_XMMu8_MEMu64_IMM8,-,no,0.5,11
VGF2P8AFFINEQB_YMMu8_YMMu8_YMMu64_IMM8,-,no,0.5,3
VGF2P8AFFINEQB_YMMu8_YMMu8_MEMu64_IMM8,-,no,0.5,11
VGF2P8MULB_XMMu8_XMMu8_MEMu8,-,no,0.5,11
VGF2P8MULB_XMMu8_XMMu8_XMMu8,-,no,0.5,3
VGF2P8MULB_YMMu8_YMMu8_YMMu8,-,no,0.5,3
VGF2P8MULB_YMMu8_YMMu8_MEMu8,-,no,0.5,11
VHADDPD_XMMdq_XMMdq_MEMdq,-,no,2,11
VHADDPD_XMMdq_XMMdq_XMMdq,-,no,2,5
VHADDPD_YMMqq_YMMqq_MEMqq,-,no,2,12
VHADDPD_YMMqq_YMMqq_YMMqq,-,no,2,5
VHADDPS_XMMdq_XMMdq_MEMdq,-,no,2,
VHADDPS_XMMdq_XMMdq_XMMdq,-,no,2,
VHADDPS_YMMqq_YMMqq_MEMqq,-,no,2,
VHADDPS_YMMqq_YMMqq_YMMqq,-,no,2,
VHSUBPD_XMMdq_XMMdq_MEMdq,-,no,2,11
VHSUBPD_XMMdq_XMMdq_XMMdq,-,no,2,5
VHSUBPD_YMMqq_YMMqq_YMMqq,-,no,2,5
VHSUBPD_YMMqq_YMMqq_MEMqq,-,no,2,12
VHSUBPS_XMMdq_XMMdq_XMMdq,-,no,2,
VHSUBPS_XMMdq_XMMdq_MEMdq,-,no,2,
VHSUBPS_YMMqq_YMMqq_YMMqq,-,no,2,
VHSUBPS_YMMqq_YMMqq_MEMqq,-,no,2,
VINSERTF128_YMMqq_YMMqq_MEMdq_IMMb,-,no,0.333333333,
VINSERTF128_YMMqq_YMMqq_XMMdq_IMMb,-,no,1,3
VINSERTI128_YMMqq_YMMqq_MEMdq_IMMb,-,no,0.333333333,
VINSERTI128_YMMqq_YMMqq_XMMdq_IMMb,-,no,1,3
VINSERTPS_XMMdq_XMMdq_MEMd_IMMb,-,no,1,7
VINSERTPS_XMMdq_XMMdq_XMMdq_IMMb,-,no,1,1
VLDDQU_XMMdq_MEMdq,-,no,0.333333333,6
VLDDQU_YMMqq_MEMqq,-,no,0.333333333,7
VMASKMOVPD_MEMdq_XMMdq_XMMdq,-,no,1,3
VMASKMOVPD_XMMdq_XMMdq_MEMdq,-,no,0.333333333,7
VMASKMOVPD_YMMqq_YMMqq_MEMqq,-,no,0.333333333,8
VMASKMOVPD_MEMqq_YMMqq_YMMqq,-,no,1,3
VMASKMOVPS_MEMdq_XMMdq_XMMdq,-,no,1,3
VMASKMOVPS_XMMdq_XMMdq_MEMdq,-,no,0.333333333,7
VMASKMOVPS_YMMqq_YMMqq_MEMqq,-,no,0.333333333,8
VMASKMOVPS_MEMqq_YMMqq_YMMqq,-,no,1,3
VMAXPD_XMMdq_XMMdq_MEMdq,-,no,0.5,10
VMAXPD_XMMdq_XMMdq_XMMdq,-,no,0.5,4
VMAXPD_YMMqq_YMMqq_YMMqq,-,no,0.5,4
VMAXPD_YMMqq_YMMqq_MEMqq,-,no,0.5,11
VMAXPS_XMMdq_XMMdq_XMMdq,-,no,0.5,4
VMAXPS_XMMdq_XMMdq_MEMdq,-,no,0.5,10
VMAXPS_YMMqq_YMMqq_YMMqq,-,no,0.5,4
VMAXPS_YMMqq_YMMqq_MEMqq,-,no,0.5,11
VMAXSD_XMMdq_XMMdq_XMMq,-,no,0.5,4
VMAXSD_XMMdq_XMMdq_MEMq,-,no,0.5,10
VMAXSS_XMMdq_XMMdq_XMMd,-,no,0.5,4
VMAXSS_XMMdq_XMMdq_MEMd,-,no,0.5,10
VMINPD_XMMdq_XMMdq_MEMdq,-,no,0.5,10
VMINPD_XMMdq_XMMdq_XMMdq,-,no,0.5,4
VMINPD_YMMqq_YMMqq_MEMqq,-,no,0.5,11
VMINPD_YMMqq_YMMqq_YMMqq,-,no,0.5,4
VMINPS_XMMdq_XMMdq_MEMdq,-,no,0.5,10
VMINPS_XMMdq_XMMdq_XMMdq,-,no,0.5,4
VMINPS_YMMqq_YMMqq_MEMqq,-,no,0.5,11
VMINPS_YMMqq_YMMqq_YMMqq,-,no,0.5,4
VMINSD_XMMdq_XMMdq_MEMq,-,no,0.5,10
VMINSD_XMMdq_XMMdq_XMMq,-,no,0.5,4
VMINSS_XMMdq_XMMdq_XMMd,-,no,0.5,4
VMINSS_XMMdq_XMMdq_MEMd,-,no,0.5,10
VMOVAPD_MEMdq_XMMdq,-,no,0.5,1
VMOVAPD_XMMdq_XMMdq_28,-,no,0.166666667,0
VMOVAPD_XMMdq_XMMdq_29,-,no,0.166666667,0
VMOVAPD_XMMdq_MEMdq,-,no,0.333333333,6
VMOVAPD_YMMqq_YMMqq_29,-,no,0.166666667,0
VMOVAPD_YMMqq_YMMqq_28,-,no,0.166666667,0
VMOVAPD_YMMqq_MEMqq,-,no,0.333333333,7
VMOVAPD_MEMqq_YMMqq,-,no,0.5,1
VMOVAPS_MEMdq_XMMdq,-,no,0.5,1
VMOVAPS_XMMdq_XMMdq_28,-,no,0.166666667,0
VMOVAPS_XMMdq_XMMdq_29,-,no,0.166666667,0
VMOVAPS_XMMdq_MEMdq,-,no,0.333333333,6
VMOVAPS_YMMqq_YMMqq_29,-,no,0.166666667,0
VMOVAPS_YMMqq_YMMqq_28,-,no,0.166666667,0
VMOVAPS_YMMqq_MEMqq,-,no,0.333333333,7
VMOVAPS_MEMqq_YMMqq,-,no,0.5,1
VMOVD_MEMd_XMMd,-,no,0.5,1
VMOVD_GPR32d_XMMd,-,no,1,3
VMOVD_XMMdq_GPR32d,-,no,1,1
VMOVD_XMMdq_MEMd,-,no,0.333333333,6
VMOVDDUP_XMMdq_MEMq,-,no,0.333333333,
VMOVDDUP_YMMqq_YMMqq,-,no,1,1
VMOVDDUP_YMMqq_MEMqq,-,no,0.333333333,7
VMOVDQA_MEMdq_XMMdq,-,no,0.5,1
VMOVDQA_XMMdq_XMMdq_6F,-,no,0.166666667,0
VMOVDQA_XMMdq_XMMdq_7F,-,no,0.166666667,0
VMOVDQA_XMMdq_MEMdq,-,no,0.333333333,6
VMOVDQA_YMMqq_YMMqq_7F,-,no,0.166666667,0
VMOVDQA_YMMqq_YMMqq_6F,-,no,0.166666667,0
VMOVDQA_YMMqq_MEMqq,-,no,0.333333333,7
VMOVDQA_MEMqq_YMMqq,-,no,0.5,1
VMOVDQU_MEMdq_XMMdq,-,no,0.5,1
VMOVDQU_XMMdq_XMMdq_6F,-,no,0.166666667,0
VMOVDQU_XMMdq_XMMdq_7F,-,no,0.166666667,0
VMOVDQU_XMMdq_MEMdq,-,no,0.333333333,6
VMOVDQU_YMMqq_YMMqq_7F,-,no,0.166666667,0
VMOVDQU_YMMqq_MEMqq,-,no,0.333333333,7
VMOVDQU_YMMqq_YMMqq_6F,-,no,0.166666667,0
VMOVDQU_MEMqq_YMMqq,-,no,0.5,1
VMOVHLPS_XMMdq_XMMdq_XMMdq,-,no,1,1
VMOVHPD_MEMq_XMMdq,-,no,0.5,1
VMOVHPD_XMMdq_XMMq_MEMq,-,no,1,7
VMOVHPS_MEMq_XMMdq,-,no,0.5,1
VMOVHPS_XMMdq_XMMq_MEMq,-,no,,7
VMOVLHPS_XMMdq_XMMq_XMMq,-,no,1,1
VMOVLPD_MEMq_XMMq,-,no,0.5,1
VMOVLPD_XMMdq_XMMdq_MEMq,-,no,0.5,7
VMOVLPS_MEMq_XMMq,-,no,0.5,1
VMOVLPS_XMMdq_XMMdq_MEMq,-,no,0.5,7
VMOVMSKPD_GPR32d_XMMdq,-,no,1,3
VMOVMSKPD_GPR32d_YMMqq,-,no,1,
VMOVMSKPS_GPR32d_XMMdq,-,no,1,3
VMOVMSKPS_GPR32d_YMMqq,-,no,1,
VMOVQ_MEMq_XMMq_D6,-,no,0.5,1
VMOVQ_MEMq_XMMq_7E,-,no,0.5,1
VMOVQ_GPR64q_XMMq,-,no,1,3
VMOVQ_XMMdq_MEMq_7E,-,no,0.333333333,6
VMOVQ_XMMdq_GPR64q,-,no,1,1
VMOVQ_XMMdq_XMMq_D6,-,no,0.333333333,1
VMOVQ_XMMdq_MEMq_6E,-,no,0.333333333,6
VMOVQ_XMMdq_XMMq_7E,-,no,0.333333333,1
VMOVSD_MEMq_XMMq,-,no,0.5,1
VMOVSD_XMMdq_XMMdq_XMMq_11,-,no,0.333333333,1
VMOVSD_XMMdq_MEMq,-,no,0.333333333,6
VMOVSD_XMMdq_XMMdq_XMMq_10,-,no,0.333333333,1
VMOVSHDUP_XMMdq_XMMdq,-,no,0.5,1
VMOVSHDUP_XMMdq_MEMdq,-,no,0.333333333,
VMOVSHDUP_YMMqq_YMMqq,-,no,0.5,1
VMOVSHDUP_YMMqq_MEMqq,-,no,0.333333333,7
VMOVSLDUP_XMMdq_XMMdq,-,no,0.5,1
VMOVSLDUP_XMMdq_MEMdq,-,no,0.333333333,
VMOVSLDUP_YMMqq_YMMqq,-,no,0.5,1
VMOVSLDUP_YMMqq_MEMqq,-,no,0.333333333,7
VMOVSS_MEMd_XMMd,-,no,0.5,1
VMOVSS_XMMdq_XMMdq_XMMd_10,-,no,0.333333333,1
VMOVSS_XMMdq_XMMdq_XMMd_11,-,no,0.333333333,1
VMOVSS_XMMdq_MEMd,-,no,0.333333333,6
VMOVUPD_MEMdq_XMMdq,-,no,0.5,1
VMOVUPD_XMMdq_XMMdq_10,-,no,0.166666667,0
VMOVUPD_XMMdq_XMMdq_11,-,no,0.166666667,0
VMOVUPD_XMMdq_MEMdq,-,no,0.333333333,6
VMOVUPD_YMMqq_YMMqq_11,-,no,0.166666667,0
VMOVUPD_YMMqq_MEMqq,-,no,0.333333333,7
VMOVUPD_YMMqq_YMMqq_10,-,no,0.166666667,0
VMOVUPD_MEMqq_YMMqq,-,no,0.5,1
VMOVUPS_MEMdq_XMMdq,-,no,0.5,1
VMOVUPS_XMMdq_XMMdq_10,-,no,0.166666667,0
VMOVUPS_XMMdq_XMMdq_11,-,no,0.166666667,0
VMOVUPS_XMMdq_MEMdq,-,no,0.333333333,6
VMOVUPS_YMMqq_YMMqq_11,-,no,0.166666667,0
VMOVUPS_YMMqq_MEMqq,-,no,0.333333333,7
VMOVUPS_YMMqq_YMMqq_10,-,no,0.166666667,0
VMOVUPS_MEMqq_YMMqq,-,no,0.5,1
VMPSADBW_XMMdq_XMMdq_MEMdq_IMMb,-,no,1,10
VMPSADBW_XMMdq_XMMdq_XMMdq_IMMb,-,no,1,4
VMPSADBW_YMMqq_YMMqq_YMMqq_IMMb,-,no,1,4
VMPSADBW_YMMqq_YMMqq_MEMqq_IMMb,-,no,1,11
VMULPD_XMMdq_XMMdq_XMMdq,-,no,0.5,4
VMULPD_XMMdq_XMMdq_MEMdq,-,no,0.5,10
VMULPD_YMMqq_YMMqq_MEMqq,-,no,0.5,11
VMULPD_YMMqq_YMMqq_YMMqq,-,no,0.5,4
VMULPS_XMMdq_XMMdq_XMMdq,-,no,0.5,4
VMULPS_XMMdq_XMMdq_MEMdq,-,no,0.5,10
VMULPS_YMMqq_YMMqq_MEMqq,-,no,0.5,11
VMULPS_YMMqq_YMMqq_YMMqq,-,no,0.5,4
VMULSD_XMMdq_XMMdq_XMMq,-,no,0.5,4
VMULSD_XMMdq_XMMdq_MEMq,-,no,0.5,10
VMULSS_XMMdq_XMMdq_XMMd,-,no,0.5,4
VMULSS_XMMdq_XMMdq_MEMd,-,no,0.5,10
VORPD_XMMdq_XMMdq_XMMdq,-,no,0.333333333,1
VORPD_XMMdq_XMMdq_MEMdq,-,no,0.333333333,7
VORPD_YMMqq_YMMqq_MEMqq,-,no,0.333333333,8
VORPD_YMMqq_YMMqq_YMMqq,-,no,0.333333333,1
VORPS_XMMdq_XMMdq_XMMdq,-,no,0.333333333,1
VORPS_XMMdq_XMMdq_MEMdq,-,no,0.333333333,7
VORPS_YMMqq_YMMqq_MEMqq,-,no,0.333333333,8
VORPS_YMMqq_YMMqq_YMMqq,-,no,0.333333333,1
VPABSB_XMMdq_XMMdq,-,no,0.5,1
VPABSB_XMMdq_MEMdq,-,no,0.5,7
VPABSB_YMMqq_YMMqq,-,no,0.5,1
VPABSB_YMMqq_MEMqq,-,no,0.5,8
VPABSD_XMMdq_MEMdq,-,no,0.5,7
VPABSD_XMMdq_XMMdq,-,no,0.5,1
VPABSD_YMMqq_YMMqq,-,no,0.5,1
VPABSD_YMMqq_MEMqq,-,no,0.5,8
VPABSW_XMMdq_XMMdq,-,no,0.5,1
VPABSW_XMMdq_MEMdq,-,no,0.5,7
VPABSW_YMMqq_YMMqq,-,no,0.5,1
VPABSW_YMMqq_MEMqq,-,no,0.5,8
VPACKSSDW_XMMdq_XMMdq_MEMdq,-,no,1,9
VPACKSSDW_XMMdq_XMMdq_XMMdq,-,no,1,3
VPACKSSDW_YMMqq_YMMqq_YMMqq,-,no,1,3
VPACKSSDW_YMMqq_YMMqq_MEMqq,-,no,1,10
VPACKSSWB_XMMdq_XMMdq_MEMdq,-,no,1,9
VPACKSSWB_XMMdq_XMMdq_XMMdq,-,no,1,3
VPACKSSWB_YMMqq_YMMqq_YMMqq,-,no,1,3
VPACKSSWB_YMMqq_YMMqq_MEMqq,-,no,1,10
VPACKUSDW_XMMdq_XMMdq_MEMdq,-,no,1,9
VPACKUSDW_XMMdq_XMMdq_XMMdq,-,no,1,3
VPACKUSDW_YMMqq_YMMqq_YMMqq,-,no,1,3
VPACKUSDW_YMMqq_YMMqq_MEMqq,-,no,1,10
VPACKUSWB_XMMdq_XMMdq_XMMdq,-,no,1,3
VPACKUSWB_XMMdq_XMMdq_MEMdq,-,no,1,9
VPACKUSWB_YMMqq_YMMqq_YMMqq,-,no,1,3
VPACKUSWB_YMMqq_YMMqq_MEMqq,-,no,1,10
VPADDB_XMMdq_XMMdq_XMMdq,-,no,0.333333333,1
VPADDB_XMMdq_XMMdq_MEMdq,-,no,0.333333333,7
VPADDB_YMMqq_YMMqq_YMMqq,-,no,0.333333333,1
VPADDB_YMMqq_YMMqq_MEMqq,-,no,0.333333333,8
VPADDD_XMMdq_XMMdq_XMMdq,-,no,0.333333333,1
VPADDD_XMMdq_XMMdq_MEMdq,-,no,0.333333333,7
VPADDD_YMMqq_YMMqq_YMMqq,-,no,0.333333333,1
VPADDD_YMMqq_YMMqq_MEMqq,-,no,0.333333333,8
VPADDQ_XMMdq_XMMdq_XMMdq,-,no,0.333333333,1
VPADDQ_XMMdq_XMMdq_MEMdq,-,no,0.333333333,7
VPADDQ_YMMqq_YMMqq_YMMqq,-,no,0.333333333,1
VPADDQ_YMMqq_YMMqq_MEMqq,-,no,0.333333333,8
VPADDSB_XMMdq_XMMdq_XMMdq,-,no,0.5,1
VPADDSB_XMMdq_XMMdq_MEMdq,-,no,0.5,7
VPADDSB_YMMqq_YMMqq_YMMqq,-,no,0.5,1
VPADDSB_YMMqq_YMMqq_MEMqq,-,no,0.5,8
VPADDSW_XMMdq_XMMdq_XMMdq,-,no,0.5,1
VPADDSW_XMMdq_XMMdq_MEMdq,-,no,0.5,7
VPADDSW_YMMqq_YMMqq_MEMqq,-,no,0.5,8
VPADDSW_YMMqq_YMMqq_YMMqq,-,no,0.5,1
VPADDUSB_XMMdq_XMMdq_XMMdq,-,no,0.5,1
VPADDUSB_XMMdq_XMMdq_MEMdq,-,no,0.5,7
VPADDUSB_YMMqq_YMMqq_MEMqq,-,no,0.5,8
VPADDUSB_YMMqq_YMMqq_YMMqq,-,no,0.5,1
VPADDUSW_XMMdq_XMMdq_XMMdq,-,no,0.5,1
VPADDUSW_XMMdq_XMMdq_MEMdq,-,no,0.5,7
VPADDUSW_YMMqq_YMMqq_MEMqq,-,no,0.5,8
VPADDUSW_YMMqq_YMMqq_YMMqq,-,no,0.5,1
VPADDW_XMMdq_XMMdq_XMMdq,-,no,0.333333333,1
VPADDW_XMMdq_XMMdq_MEMdq,-,no,0.333333333,7
VPADDW_YMMqq_YMMqq_MEMqq,-,no,0.333333333,8
VPADDW_YMMqq_YMMqq_YMMqq,-,no,0.333333333,1
VPALIGNR_XMMdq_XMMdq_MEMdq_IMMb,-,no,1,7
VPALIGNR_XMMdq_XMMdq_XMMdq_IMMb,-,no,1,1
VPALIGNR_YMMqq_YMMqq_YMMqq_IMMb,-,no,1,1
VPALIGNR_YMMqq_YMMqq_MEMqq_IMMb,-,no,1,8
VPAND_XMMdq_XMMdq_XMMdq,-,no,0.333333333,1
VPAND_XMMdq_XMMdq_MEMdq,-,no,0.333333333,7
VPAND_YMMqq_YMMqq_YMMqq,-,no,0.333333333,1
VPAND_YMMqq_YMMqq_MEMqq,-,no,0.333333333,8
VPANDN_XMMdq_XMMdq_XMMdq,-,no,0.333333333,1
VPANDN_XMMdq_XMMdq_MEMdq,-,no,0.333333333,7
VPANDN_YMMqq_YMMqq_MEMqq,-,no,0.333333333,8
VPANDN_YMMqq_YMMqq_YMMqq,-,no,0.333333333,1
VPAVGB_XMMdq_XMMdq_MEMdq,-,no,0.5,7
VPAVGB_XMMdq_XMMdq_XMMdq,-,no,0.5,1
VPAVGB_YMMqq_YMMqq_YMMqq,-,no,0.5,1
VPAVGB_YMMqq_YMMqq_MEMqq,-,no,0.5,8
VPAVGW_XMMdq_XMMdq_MEMdq,-,no,0.5,7
VPAVGW_XMMdq_XMMdq_XMMdq,-,no,0.5,1
VPAVGW_YMMqq_YMMqq_MEMqq,-,no,0.5,8
VPAVGW_YMMqq_YMMqq_YMMqq,-,no,0.5,1
VPBLENDD_XMMdq_XMMdq_MEMdq_IMMb,-,no,0.333333333,7
VPBLENDD_XMMdq_XMMdq_XMMdq_IMMb,-,no,0.333333333,1
VPBLENDD_YMMqq_YMMqq_YMMqq_IMMb,-,no,0.333333333,1
VPBLENDD_YMMqq_YMMqq_MEMqq_IMMb,-,no,0.333333333,8
VPBLENDVB_XMMdq_XMMdq_XMMdq_XMMdq,-,no,1,3
VPBLENDVB_XMMdq_XMMdq_MEMdq_XMMdq,-,no,1,8
VPBLENDVB_YMMqq_YMMqq_MEMqq_YMMqq,-,no,1,9
VPBLENDVB_YMMqq_YMMqq_YMMqq_YMMqq,-,no,1,3
VPBLENDW_XMMdq_XMMdq_MEMdq_IMMb,-,no,0.5,7
VPBLENDW_XMMdq_XMMdq_XMMdq_IMMb,-,no,0.5,1
VPBLENDW_YMMqq_YMMqq_MEMqq_IMMb,-,no,0.5,8
VPBLENDW_YMMqq_YMMqq_YMMqq_IMMb,-,no,0.5,1
VPBROADCASTB_XMMdq_XMMb,-,no,1,1
VPBROADCASTB_XMMdq_MEMb,-,no,1,7
VPBROADCASTB_YMMqq_XMMb,-,no,1,3
VPBROADCASTB_YMMqq_MEMb,-,no,1,8
VPBROADCASTD_XMMdq_XMMd,-,no,1,1
VPBROADCASTD_XMMdq_MEMd,-,no,0.333333333,6
VPBROADCASTD_YMMqq_XMMd,-,no,1,3
VPBROADCASTD_YMMqq_MEMd,-,no,0.333333333,7
VPBROADCASTQ_XMMdq_MEMq,-,no,0.333333333,6
VPBROADCASTQ_XMMdq_XMMq,-,no,1,1
VPBROADCASTQ_YMMqq_XMMq,-,no,1,3
VPBROADCASTQ_YMMqq_MEMq,-,no,0.333333333,7
VPBROADCASTW_XMMdq_XMMw,-,no,1,1
VPBROADCASTW_XMMdq_MEMw,-,no,1,7
VPBROADCASTW_YMMqq_MEMw,-,no,1,8
VPBROADCASTW_YMMqq_XMMw,-,no,1,3
VPCLMULQDQ_XMMdq_XMMdq_XMMdq_IMMb,-,no,1,3
VPCLMULQDQ_XMMdq_XMMdq_MEMdq_IMMb,-,no,1,9
VPCLMULQDQ_YMMu128_YMMu64_YMMu64_IMM8,-,no,1,3
VPCLMULQDQ_YMMu128_YMMu64_MEMu64_IMM8,-,no,1,10
VPCMPEQB_XMMdq_XMMdq_MEMdq,-,no,0.5,7
VPCMPEQB_XMMdq_XMMdq_XMMdq,-,no,0.5,1
VPCMPEQB_YMMqq_YMMqq_YMMqq,-,no,0.5,1
VPCMPEQB_YMMqq_YMMqq_MEMqq,-,no,0.5,8
VPCMPEQD_XMMdq_XMMdq_MEMdq,-,no,0.5,7
VPCMPEQD_XMMdq_XMMdq_XMMdq,-,no,0.5,1
VPCMPEQD_YMMqq_YMMqq_MEMqq,-,no,0.5,8
VPCMPEQD_YMMqq_YMMqq_YMMqq,-,no,0.5,1
VPCMPEQQ_XMMdq_XMMdq_MEMdq,-,no,0.5,7
VPCMPEQQ_XMMdq_XMMdq_XMMdq,-,no,0.5,1
VPCMPEQQ_YMMqq_YMMqq_MEMqq,-,no,0.5,8
VPCMPEQQ_YMMqq_YMMqq_YMMqq,-,no,0.5,1
VPCMPEQW_XMMdq_XMMdq_XMMdq,-,no,0.5,1
VPCMPEQW_XMMdq_XMMdq_MEMdq,-,no,0.5,7
VPCMPEQW_YMMqq_YMMqq_YMMqq,-,no,0.5,1
VPCMPEQW_YMMqq_YMMqq_MEMqq,-,no,0.5,8
VPCMPGTB_XMMdq_XMMdq_XMMdq,-,no,0.5,1
VPCMPGTB_XMMdq_XMMdq_MEMdq,-,no,0.5,7
VPCMPGTB_YMMqq_YMMqq_YMMqq,-,no,0.5,1
VPCMPGTB_YMMqq_YMMqq_MEMqq,-,no,0.5,8
VPCMPGTD_XMMdq_XMMdq_XMMdq,-,no,0.5,1
VPCMPGTD_XMMdq_XMMdq_MEMdq,-,no,0.5,7
VPCMPGTD_YMMqq_YMMqq_MEMqq,-,no,0.5,8
VPCMPGTD_YMMqq_YMMqq_YMMqq,-,no,0.5,1
VPCMPGTQ_XMMdq_XMMdq_XMMdq,-,no,1,3
VPCMPGTQ_XMMdq_XMMdq_MEMdq,-,no,1,9
VPCMPGTQ_YMMqq_YMMqq_YMMqq,-,no,1,3
VPCMPGTQ_YMMqq_YMMqq_MEMqq,-,no,1,10
VPCMPGTW_XMMdq_XMMdq_XMMdq,-,no,0.5,1
VPCMPGTW_XMMdq_XMMdq_MEMdq,-,no,0.5,7
VPCMPGTW_YMMqq_YMMqq_YMMqq,-,no,0.5,1
VPCMPGTW_YMMqq_YMMqq_MEMqq,-,no,0.5,8
VPCMPISTRI_XMMdq_XMMdq_IMMb,-,no,3,11
VPCMPISTRI_XMMdq_MEMdq_IMMb,-,no,3,
VPCMPISTRM_XMMdq_XMMdq_IMMb,-,no,3,
VPCMPISTRM_XMMdq_MEMdq_IMMb,-,no,3,
VPDPBUSD_XMMi32_XMMu32_XMMu32,-,no,0.5,5
VPDPBUSD_XMMi32_XMMu32_MEMu32,-,no,0.5,11
VPDPBUSD_YMMi32_YMMu32_YMMu32,-,no,0.5,5
VPDPBUSD_YMMi32_YMMu32_MEMu32,-,no,0.5,12
VPDPBUSDS_XMMi32_XMMu32_XMMu32,-,no,0.5,5
VPDPBUSDS_XMMi32_XMMu32_MEMu32,-,no,0.5,11
VPDPBUSDS_YMMi32_YMMu32_YMMu32,-,no,0.5,5
VPDPBUSDS_YMMi32_YMMu32_MEMu32,-,no,0.5,12
VPDPWSSD_XMMi32_XMMu32_MEMu32,-,no,0.5,11
VPDPWSSD_XMMi32_XMMu32_XMMu32,-,no,0.5,5
VPDPWSSD_YMMi32_YMMu32_YMMu32,-,no,0.5,5
VPDPWSSD_YMMi32_YMMu32_MEMu32,-,no,0.5,12
VPDPWSSDS_XMMi32_XMMu32_MEMu32,-,no,0.5,11
VPDPWSSDS_XMMi32_XMMu32_XMMu32,-,no,0.5,5
VPDPWSSDS_YMMi32_YMMu32_MEMu32,-,no,0.5,12
VPDPWSSDS_YMMi32_YMMu32_YMMu32,-,no,0.5,5
VPERM2F128_YMMqq_YMMqq_YMMqq_IMMb,-,no,1,3
VPERM2F128_YMMqq_YMMqq_MEMqq_IMMb,-,no,1,10
VPERM2I128_YMMqq_YMMqq_MEMqq_IMMb,-,no,1,10
VPERM2I128_YMMqq_YMMqq_YMMqq_IMMb,-,no,1,3
VPERMD_YMMqq_YMMqq_YMMqq,-,no,1,3
VPERMD_YMMqq_YMMqq_MEMqq,-,no,1,10
VPERMILPD_XMMdq_XMMdq_XMMdq,-,no,1,1
VPERMILPD_XMMdq_XMMdq_IMMb,-,no,1,1
VPERMILPD_XMMdq_MEMdq_IMMb,-,no,1,7
VPERMILPD_XMMdq_XMMdq_MEMdq,-,no,1,7
VPERMILPD_YMMqq_YMMqq_YMMqq,-,no,1,1
VPERMILPD_YMMqq_YMMqq_IMMb,-,no,1,1
VPERMILPD_YMMqq_MEMqq_IMMb,-,no,1,8
VPERMILPD_YMMqq_YMMqq_MEMqq,-,no,1,8
VPERMILPS_XMMdq_XMMdq_XMMdq,-,no,1,1
VPERMILPS_XMMdq_XMMdq_IMMb,-,no,1,1
VPERMILPS_XMMdq_MEMdq_IMMb,-,no,1,7
VPERMILPS_XMMdq_XMMdq_MEMdq,-,no,1,7
VPERMILPS_YMMqq_YMMqq_IMMb,-,no,1,1
VPERMILPS_YMMqq_MEMqq_IMMb,-,no,1,8
VPERMILPS_YMMqq_YMMqq_MEMqq,-,no,1,8
VPERMILPS_YMMqq_YMMqq_YMMqq,-,no,1,1
VPERMPD_YMMqq_YMMqq_IMMb,-,no,1,3
VPERMPD_YMMqq_MEMqq_IMMb,-,no,1,10
VPERMPS_YMMqq_YMMqq_MEMqq,-,no,1,10
VPERMPS_YMMqq_YMMqq_YMMqq,-,no,1,3
VPERMQ_YMMqq_MEMqq_IMMb,-,no,1,10
VPERMQ_YMMqq_YMMqq_IMMb,-,no,1,3
VPEXTRB_MEMb_XMMdq_IMMb,-,no,0.5,2
VPEXTRB_GPR32d_XMMdq_IMMb,-,no,1,4
VPEXTRD_MEMd_XMMdq_IMMb,-,no,0.5,2
VPEXTRD_GPR32d_XMMdq_IMMb,-,no,1,4
VPEXTRQ_MEMq_XMMdq_IMMb,-,no,0.5,2
VPEXTRQ_GPR64q_XMMdq_IMMb,-,no,1,4
VPEXTRW_GPR32d_XMMdq_IMMb_15,-,no,1,4
VPEXTRW_GPR32d_XMMdq_IMMb_C5,-,no,1,4
VPEXTRW_MEMw_XMMdq_IMMb,-,no,0.5,2
VPHADDD_XMMdq_XMMdq_MEMdq,-,no,1,8
VPHADDD_XMMdq_XMMdq_XMMdq,-,no,1,2
VPHADDD_YMMqq_YMMqq_MEMqq,-,no,1,9
VPHADDD_YMMqq_YMMqq_YMMqq,-,no,1,2
VPHADDSW_XMMdq_XMMdq_XMMdq,-,no,1,2
VPHADDSW_XMMdq_XMMdq_MEMdq,-,no,1,8
VPHADDSW_YMMqq_YMMqq_YMMqq,-,no,1,2
VPHADDSW_YMMqq_YMMqq_MEMqq,-,no,1,9
VPHADDW_XMMdq_XMMdq_MEMdq,-,no,1,8
VPHADDW_XMMdq_XMMdq_XMMdq,-,no,1,2
VPHADDW_YMMqq_YMMqq_MEMqq,-,no,1,9
VPHADDW_YMMqq_YMMqq_YMMqq,-,no,1,2
VPHMINPOSUW_XMMdq_MEMdq,-,no,1,
VPHMINPOSUW_XMMdq_XMMdq,-,no,1,
VPHSUBD_XMMdq_XMMdq_XMMdq,-,no,1,2
VPHSUBD_XMMdq_XMMdq_MEMdq,-,no,1,8
VPHSUBD_YMMqq_YMMqq_YMMqq,-,no,1,2
VPHSUBD_YMMqq_YMMqq_MEMqq,-,no,1,9
VPHSUBSW_XMMdq_XMMdq_XMMdq,-,no,1,2
VPHSUBSW_XMMdq_XMMdq_MEMdq,-,no,1,8
VPHSUBSW_YMMqq_YMMqq_YMMqq,-,no,1,2
VPHSUBSW_YMMqq_YMMqq_MEMqq,-,no,1,
VPHSUBW_XMMdq_XMMdq_XMMdq,-,no,1,2
VPHSUBW_XMMdq_XMMdq_MEMdq,-,no,1,8
VPHSUBW_YMMqq_YMMqq_YMMqq,-,no,1,2
VPHSUBW_YMMqq_YMMqq_MEMqq,-,no,1,9
VPINSRB_XMMdq_XMMdq_MEMb_IMMb,-,no,0.5,7
VPINSRB_XMMdq_XMMdq_GPR32d_IMMb,-,no,1,
VPINSRD_XMMdq_XMMdq_GPR32d_IMMb,-,no,1,
VPINSRD_XMMdq_XMMdq_MEMd_IMMb,-,no,0.5,7
VPINSRQ_XMMdq_XMMdq_GPR64q_IMMb,-,no,1,
VPINSRQ_XMMdq_XMMdq_MEMq_IMMb,-,no,0.5,7
VPINSRW_XMMdq_XMMdq_MEMw_IMMb,-,no,0.5,7
VPINSRW_XMMdq_XMMdq_GPR32d_IMMb,-,no,1,
VPMADDUBSW_XMMdq_XMMdq_MEMdq,-,no,0.5,11
VPMADDUBSW_XMMdq_XMMdq_XMMdq,-,no,0.5,5
VPMADDUBSW_YMMqq_YMMqq_YMMqq,-,no,0.5,5
VPMADDUBSW_YMMqq_YMMqq_MEMqq,-,no,0.5,12
VPMADDWD_XMMdq_XMMdq_MEMdq,-,no,0.5,11
VPMADDWD_XMMdq_XMMdq_XMMdq,-,no,0.5,5
VPMADDWD_YMMqq_YMMqq_YMMqq,-,no,0.5,5
VPMADDWD_YMMqq_YMMqq_MEMqq,-,no,0.5,12
VPMASKMOVD_MEMdq_XMMdq_XMMdq,-,no,1,3
VPMASKMOVD_XMMdq_XMMdq_MEMdq,-,no,0.333333333,7
VPMASKMOVD_YMMqq_YMMqq_MEMqq,-,no,0.333333333,8
VPMASKMOVD_MEMqq_YMMqq_YMMqq,-,no,1,3
VPMASKMOVQ_MEMdq_XMMdq_XMMdq,-,no,1,3
VPMASKMOVQ_XMMdq_XMMdq_MEMdq,-,no,0.333333333,7
VPMASKMOVQ_YMMqq_YMMqq_MEMqq,-,no,0.333333333,8
VPMASKMOVQ_MEMqq_YMMqq_YMMqq,-,no,1,3
VPMAXSB_XMMdq_XMMdq_XMMdq,-,no,0.5,1
VPMAXSB_XMMdq_XMMdq_MEMdq,-,no,0.5,7
VPMAXSB_YMMqq_YMMqq_MEMqq,-,no,0.5,8
VPMAXSB_YMMqq_YMMqq_YMMqq,-,no,0.5,1
VPMAXSD_XMMdq_XMMdq_MEMdq,-,no,0.5,7
VPMAXSD_XMMdq_XMMdq_XMMdq,-,no,0.5,1
VPMAXSD_YMMqq_YMMqq_MEMqq,-,no,0.5,8
VPMAXSD_YMMqq_YMMqq_YMMqq,-,no,0.5,1
VPMAXSW_XMMdq_XMMdq_XMMdq,-,no,0.5,1
VPMAXSW_XMMdq_XMMdq_MEMdq,-,no,0.5,7
VPMAXSW_YMMqq_YMMqq_MEMqq,-,no,0.5,8
VPMAXSW_YMMqq_YMMqq_YMMqq,-,no,0.5,1
VPMAXUB_XMMdq_XMMdq_XMMdq,-,no,0.5,1
VPMAXUB_XMMdq_XMMdq_MEMdq,-,no,0.5,7
VPMAXUB_YMMqq_YMMqq_MEMqq,-,no,0.5,8
VPMAXUB_YMMqq_YMMqq_YMMqq,-,no,0.5,1
VPMAXUD_XMMdq_XMMdq_MEMdq,-,no,0.5,7
VPMAXUD_XMMdq_XMMdq_XMMdq,-,no,0.5,1
VPMAXUD_YMMqq_YMMqq_MEMqq,-,no,0.5,8
VPMAXUD_YMMqq_YMMqq_YMMqq,-,no,0.5,1
VPMAXUW_XMMdq_XMMdq_XMMdq,-,no,0.5,1
VPMAXUW_XMMdq_XMMdq_MEMdq,-,no,0.5,7
VPMAXUW_YMMqq_YMMqq_YMMqq,-,no,0.5,1
VPMAXUW_YMMqq_YMMqq_MEMqq,-,no,0.5,8
VPMINSB_XMMdq_XMMdq_MEMdq,-,no,0.5,7
VPMINSB_XMMdq_XMMdq_XMMdq,-,no,0.5,1
VPMINSB_YMMqq_YMMqq_YMMqq,-,no,0.5,1
VPMINSB_YMMqq_YMMqq_MEMqq,-,no,0.5,8
VPMINSD_XMMdq_XMMdq_MEMdq,-,no,0.5,7
VPMINSD_XMMdq_XMMdq_XMMdq,-,no,0.5,1
VPMINSD_YMMqq_YMMqq_YMMqq,-,no,0.5,1
VPMINSD_YMMqq_YMMqq_MEMqq,-,no,0.5,8
VPMINSW_XMMdq_XMMdq_MEMdq,-,no,0.5,7
VPMINSW_XMMdq_XMMdq_XMMdq,-,no,0.5,1
VPMINSW_YMMqq_YMMqq_YMMqq,-,no,0.5,1
VPMINSW_YMMqq_YMMqq_MEMqq,-,no,0.5,8
VPMINUB_XMMdq_XMMdq_MEMdq,-,no,0.5,7
VPMINUB_XMMdq_XMMdq_XMMdq,-,no,0.5,1
VPMINUB_YMMqq_YMMqq_YMMqq,-,no,0.5,1
VPMINUB_YMMqq_YMMqq_MEMqq,-,no,0.5,8
VPMINUD_XMMdq_XMMdq_MEMdq,-,no,0.5,7
VPMINUD_XMMdq_XMMdq_XMMdq,-,no,0.5,1
VPMINUD_YMMqq_YMMqq_YMMqq,-,no,0.5,1
VPMINUD_YMMqq_YMMqq_MEMqq,-,no,0.5,8
VPMINUW_XMMdq_XMMdq_MEMdq,-,no,0.5,7
VPMINUW_XMMdq_XMMdq_XMMdq,-,no,0.5,1
VPMINUW_YMMqq_YMMqq_MEMqq,-,no,0.5,8
VPMINUW_YMMqq_YMMqq_YMMqq,-,no,0.5,1
VPMOVMSKB_GPR32d_YMMqq,-,no,1,4
VPMOVMSKB_GPR32d_XMMdq,-,no,1,3
VPMOVSXBD_XMMdq_MEMd,-,no,0.5,7
VPMOVSXBD_XMMdq_XMMd,-,no,0.5,1
VPMOVSXBD_YMMqq_XMMq,-,no,1,3
VPMOVSXBD_YMMqq_MEMq,-,no,1,10
VPMOVSXBQ_XMMdq_XMMw,-,no,0.5,1
VPMOVSXBQ_XMMdq_MEMw,-,no,0.5,7
VPMOVSXBQ_YMMqq_XMMd,-,no,1,3
VPMOVSXBQ_YMMqq_MEMd,-,no,1,10
VPMOVSXBW_XMMdq_MEMq,-,no,0.5,7
VPMOVSXBW_XMMdq_XMMq,-,no,0.5,1
VPMOVSXBW_YMMqq_XMMdq,-,no,1,3
VPMOVSXBW_YMMqq_MEMdq,-,no,1,10
VPMOVSXDQ_XMMdq_XMMq,-,no,0.5,1
VPMOVSXDQ_XMMdq_MEMq,-,no,0.5,7
VPMOVSXDQ_YMMqq_XMMdq,-,no,1,3
VPMOVSXDQ_YMMqq_MEMdq,-,no,1,10
VPMOVSXWD_XMMdq_XMMq,-,no,0.5,1
VPMOVSXWD_XMMdq_MEMq,-,no,0.5,7
VPMOVSXWD_YMMqq_XMMdq,-,no,1,3
VPMOVSXWD_YMMqq_MEMdq,-,no,1,10
VPMOVSXWQ_XMMdq_XMMd,-,no,0.5,1
VPMOVSXWQ_XMMdq_MEMd,-,no,0.5,7
VPMOVSXWQ_YMMqq_XMMq,-,no,1,3
VPMOVSXWQ_YMMqq_MEMq,-,no,1,10
VPMOVZXBD_XMMdq_XMMd,-,no,0.5,1
VPMOVZXBD_XMMdq_MEMd,-,no,0.5,7
VPMOVZXBD_YMMqq_XMMq,-,no,1,3
VPMOVZXBD_YMMqq_MEMq,-,no,1,10
VPMOVZXBQ_XMMdq_XMMw,-,no,0.5,1
VPMOVZXBQ_XMMdq_MEMw,-,no,0.5,7
VPMOVZXBQ_YMMqq_MEMd,-,no,1,10
VPMOVZXBQ_YMMqq_XMMd,-,no,1,3
VPMOVZXBW_XMMdq_XMMq,-,no,0.5,1
VPMOVZXBW_XMMdq_MEMq,-,no,0.5,7
VPMOVZXBW_YMMqq_XMMdq,-,no,1,3
VPMOVZXBW_YMMqq_MEMdq,-,no,1,10
VPMOVZXDQ_XMMdq_MEMq,-,no,0.5,7
VPMOVZXDQ_XMMdq_XMMq,-,no,0.5,1
VPMOVZXDQ_YMMqq_XMMdq,-,no,1,3
VPMOVZXDQ_YMMqq_MEMdq,-,no,1,10
VPMOVZXWD_XMMdq_MEMq,-,no,0.5,7
VPMOVZXWD_XMMdq_XMMq,-,no,0.5,1
VPMOVZXWD_YMMqq_XMMdq,-,no,1,3
VPMOVZXWD_YMMqq_MEMdq,-,no,1,10
VPMOVZXWQ_XMMdq_XMMd,-,no,0.5,1
VPMOVZXWQ_XMMdq_MEMd,-,no,0.5,7
VPMOVZXWQ_YMMqq_XMMq,-,no,1,3
VPMOVZXWQ_YMMqq_MEMq,-,no,1,10
VPMULDQ_XMMdq_XMMdq_MEMdq,-,no,0.5,11
VPMULDQ_XMMdq_XMMdq_XMMdq,-,no,0.5,5
VPMULDQ_YMMqq_YMMqq_MEMqq,-,no,0.5,12
VPMULDQ_YMMqq_YMMqq_YMMqq,-,no,0.5,5
VPMULHRSW_XMMdq_XMMdq_MEMdq,-,no,0.5,11
VPMULHRSW_XMMdq_XMMdq_XMMdq,-,no,0.5,5
VPMULHRSW_YMMqq_YMMqq_MEMqq,-,no,0.5,12
VPMULHRSW_YMMqq_YMMqq_YMMqq,-,no,0.5,5
VPMULHUW_XMMdq_XMMdq_XMMdq,-,no,0.5,5
VPMULHUW_XMMdq_XMMdq_MEMdq,-,no,0.5,11
VPMULHUW_YMMqq_YMMqq_YMMqq,-,no,0.5,5
VPMULHUW_YMMqq_YMMqq_MEMqq,-,no,0.5,12
VPMULHW_XMMdq_XMMdq_XMMdq,-,no,0.5,5
VPMULHW_XMMdq_XMMdq_MEMdq,-,no,0.5,11
VPMULHW_YMMqq_YMMqq_YMMqq,-,no,0.5,5
VPMULHW_YMMqq_YMMqq_MEMqq,-,no,0.5,12
VPMULLD_XMMdq_XMMdq_MEMdq,-,no,1,16
VPMULLD_XMMdq_XMMdq_XMMdq,-,no,1,10
VPMULLD_YMMqq_YMMqq_MEMqq,-,no,1,17
VPMULLD_YMMqq_YMMqq_YMMqq,-,no,1,10
VPMULLW_XMMdq_XMMdq_XMMdq,-,no,0.5,5
VPMULLW_XMMdq_XMMdq_MEMdq,-,no,0.5,11
VPMULLW_YMMqq_YMMqq_YMMqq,-,no,0.5,5
VPMULLW_YMMqq_YMMqq_MEMqq,-,no,0.5,12
VPMULUDQ_XMMdq_XMMdq_XMMdq,-,no,0.5,5
VPMULUDQ_XMMdq_XMMdq_MEMdq,-,no,0.5,11
VPMULUDQ_YMMqq_YMMqq_MEMqq,-,no,0.5,12
VPMULUDQ_YMMqq_YMMqq_YMMqq,-,no,0.5,5
VPOR_XMMdq_XMMdq_XMMdq,-,no,0.333333333,1
VPOR_XMMdq_XMMdq_MEMdq,-,no,0.333333333,7
VPOR_YMMqq_YMMqq_YMMqq,-,no,0.333333333,1
VPOR_YMMqq_YMMqq_MEMqq,-,no,0.333333333,8
VPSADBW_XMMdq_XMMdq_XMMdq,-,no,1,3
VPSADBW_XMMdq_XMMdq_MEMdq,-,no,1,9
VPSADBW_YMMqq_YMMqq_YMMqq,-,no,1,3
VPSADBW_YMMqq_YMMqq_MEMqq,-,no,1,10
VPSHUFB_XMMdq_XMMdq_XMMdq,-,no,0.5,1
VPSHUFB_XMMdq_XMMdq_MEMdq,-,no,0.5,7
VPSHUFB_YMMqq_YMMqq_MEMqq,-,no,0.5,8
VPSHUFB_YMMqq_YMMqq_YMMqq,-,no,0.5,1
VPSHUFD_XMMdq_XMMdq_IMMb,-,no,0.5,1
VPSHUFD_XMMdq_MEMdq_IMMb,-,no,0.5,7
VPSHUFD_YMMqq_YMMqq_IMMb,-,no,0.5,1
VPSHUFD_YMMqq_MEMqq_IMMb,-,no,0.5,8
VPSHUFHW_XMMdq_XMMdq_IMMb,-,no,0.5,1
VPSHUFHW_XMMdq_MEMdq_IMMb,-,no,0.5,7
VPSHUFHW_YMMqq_YMMqq_IMMb,-,no,0.5,1
VPSHUFHW_YMMqq_MEMqq_IMMb,-,no,0.5,8
VPSHUFLW_XMMdq_XMMdq_IMMb,-,no,0.5,1
VPSHUFLW_XMMdq_MEMdq_IMMb,-,no,0.5,7
VPSHUFLW_YMMqq_YMMqq_IMMb,-,no,0.5,1
VPSHUFLW_YMMqq_MEMqq_IMMb,-,no,0.5,8
VPSIGNB_XMMdq_XMMdq_MEMdq,-,no,0.5,7
VPSIGNB_XMMdq_XMMdq_XMMdq,-,no,0.5,1
VPSIGNB_YMMqq_YMMqq_MEMqq,-,no,0.5,8
VPSIGNB_YMMqq_YMMqq_YMMqq,-,no,0.5,1
VPSIGND_XMMdq_XMMdq_MEMdq,-,no,0.5,7
VPSIGND_XMMdq_XMMdq_XMMdq,-,no,0.5,1
VPSIGND_YMMqq_YMMqq_MEMqq,-,no,0.5,8
VPSIGND_YMMqq_YMMqq_YMMqq,-,no,0.5,1
VPSIGNW_XMMdq_XMMdq_MEMdq,-,no,0.5,7
VPSIGNW_XMMdq_XMMdq_XMMdq,-,no,0.5,1
VPSIGNW_YMMqq_YMMqq_MEMqq,-,no,0.5,8
VPSIGNW_YMMqq_YMMqq_YMMqq,-,no,0.5,1
VPSLLD_XMMdq_XMMdq_IMMb,-,no,0.5,1
VPSLLD_XMMdq_XMMdq_XMMdq,-,no,0.666666667,2
VPSLLD_XMMdq_XMMdq_MEMdq,-,no,0.5,7
VPSLLD_YMMqq_YMMqq_MEMdq,-,no,0.5,8
VPSLLD_YMMqq_YMMqq_IMMb,-,no,0.5,1
VPSLLD_YMMqq_YMMqq_XMMq,-,no,1,4
VPSLLDQ_XMMdq_XMMdq_IMMb,-,no,0.5,1
VPSLLDQ_YMMqq_YMMqq_IMMb,-,no,0.5,1
VPSLLQ_XMMdq_XMMdq_MEMdq,-,no,0.5,7
VPSLLQ_XMMdq_XMMdq_IMMb,-,no,0.5,1
VPSLLQ_XMMdq_XMMdq_XMMdq,-,no,0.666666667,2
VPSLLQ_YMMqq_YMMqq_MEMdq,-,no,0.5,8
VPSLLQ_YMMqq_YMMqq_XMMq,-,no,1,4
VPSLLQ_YMMqq_YMMqq_IMMb,-,no,0.5,1
VPSLLVD_XMMdq_XMMdq_MEMdq,-,no,0.5,7
VPSLLVD_XMMdq_XMMdq_XMMdq,-,no,0.5,1
VPSLLVD_YMMqq_YMMqq_MEMqq,-,no,0.5,8
VPSLLVD_YMMqq_YMMqq_YMMqq,-,no,0.5,1
VPSLLVQ_XMMdq_XMMdq_MEMdq,-,no,0.5,7
VPSLLVQ_XMMdq_XMMdq_XMMdq,-,no,0.5,1
VPSLLVQ_YMMqq_YMMqq_YMMqq,-,no,0.5,1
VPSLLVQ_YMMqq_YMMqq_MEMqq,-,no,0.5,8
VPSLLW_XMMdq_XMMdq_XMMdq,-,no,0.666666667,2
VPSLLW_XMMdq_XMMdq_IMMb,-,no,0.5,1
VPSLLW_XMMdq_XMMdq_MEMdq,-,no,0.5,7
VPSLLW_YMMqq_YMMqq_XMMq,-,no,1,4
VPSLLW_YMMqq_YMMqq_IMMb,-,no,0.5,1
VPSLLW_YMMqq_YMMqq_MEMdq,-,no,0.5,8
VPSRAD_XMMdq_XMMdq_MEMdq,-,no,0.5,7
VPSRAD_XMMdq_XMMdq_IMMb,-,no,0.5,1
VPSRAD_XMMdq_XMMdq_XMMdq,-,no,0.666666667,2
VPSRAD_YMMqq_YMMqq_XMMq,-,no,1,4
VPSRAD_YMMqq_YMMqq_IMMb,-,no,0.5,1
VPSRAD_YMMqq_YMMqq_MEMdq,-,no,0.5,8
VPSRAVD_XMMdq_XMMdq_MEMdq,-,no,0.5,7
VPSRAVD_XMMdq_XMMdq_XMMdq,-,no,0.5,1
VPSRAVD_YMMqq_YMMqq_YMMqq,-,no,0.5,1
VPSRAVD_YMMqq_YMMqq_MEMqq,-,no,0.5,8
VPSRAW_XMMdq_XMMdq_XMMdq,-,no,0.666666667,2
VPSRAW_XMMdq_XMMdq_IMMb,-,no,0.5,1
VPSRAW_XMMdq_XMMdq_MEMdq,-,no,0.5,7
VPSRAW_YMMqq_YMMqq_XMMq,-,no,1,4
VPSRAW_YMMqq_YMMqq_IMMb,-,no,0.5,1
VPSRAW_YMMqq_YMMqq_MEMdq,-,no,0.5,8
VPSRLD_XMMdq_XMMdq_IMMb,-,no,0.5,1
VPSRLD_XMMdq_XMMdq_MEMdq,-,no,0.5,7
VPSRLD_XMMdq_XMMdq_XMMdq,-,no,0.666666667,2
VPSRLD_YMMqq_YMMqq_IMMb,-,no,0.5,1
VPSRLD_YMMqq_YMMqq_MEMdq,-,no,0.5,8
VPSRLD_YMMqq_YMMqq_XMMq,-,no,1,4
VPSRLDQ_XMMdq_XMMdq_IMMb,-,no,0.5,1
VPSRLDQ_YMMqq_YMMqq_IMMb,-,no,0.5,1
VPSRLQ_XMMdq_XMMdq_XMMdq,-,no,0.666666667,2
VPSRLQ_XMMdq_XMMdq_IMMb,-,no,0.5,1
VPSRLQ_XMMdq_XMMdq_MEMdq,-,no,0.5,7
VPSRLQ_YMMqq_YMMqq_IMMb,-,no,0.5,1
VPSRLQ_YMMqq_YMMqq_MEMdq,-,no,0.5,8
VPSRLQ_YMMqq_YMMqq_XMMq,-,no,1,4
VPSRLVD_XMMdq_XMMdq_XMMdq,-,no,0.5,1
VPSRLVD_XMMdq_XMMdq_MEMdq,-,no,0.5,7
VPSRLVD_YMMqq_YMMqq_YMMqq,-,no,0.5,1
VPSRLVD_YMMqq_YMMqq_MEMqq,-,no,0.5,8
VPSRLVQ_XMMdq_XMMdq_XMMdq,-,no,0.5,1
VPSRLVQ_XMMdq_XMMdq_MEMdq,-,no,0.5,7
VPSRLVQ_YMMqq_YMMqq_YMMqq,-,no,0.5,1
VPSRLVQ_YMMqq_YMMqq_MEMqq,-,no,0.5,8
VPSRLW_XMMdq_XMMdq_IMMb,-,no,0.5,1
VPSRLW_XMMdq_XMMdq_MEMdq,-,no,0.5,7
VPSRLW_XMMdq_XMMdq_XMMdq,-,no,0.666666667,2
VPSRLW_YMMqq_YMMqq_XMMq,-,no,1,4
VPSRLW_YMMqq_YMMqq_IMMb,-,no,0.5,1
VPSRLW_YMMqq_YMMqq_MEMdq,-,no,0.5,8
VPSUBB_XMMdq_XMMdq_XMMdq,-,no,0.333333333,1
VPSUBB_XMMdq_XMMdq_MEMdq,-,no,0.333333333,7
VPSUBB_YMMqq_YMMqq_YMMqq,-,no,0.333333333,1
VPSUBB_YMMqq_YMMqq_MEMqq,-,no,0.333333333,8
VPSUBD_XMMdq_XMMdq_XMMdq,-,no,0.333333333,1
VPSUBD_XMMdq_XMMdq_MEMdq,-,no,0.333333333,7
VPSUBD_YMMqq_YMMqq_MEMqq,-,no,0.333333333,8
VPSUBD_YMMqq_YMMqq_YMMqq,-,no,0.333333333,1
VPSUBQ_XMMdq_XMMdq_XMMdq,-,no,0.333333333,1
VPSUBQ_XMMdq_XMMdq_MEMdq,-,no,0.333333333,7
VPSUBQ_YMMqq_YMMqq_MEMqq,-,no,0.333333333,8
VPSUBQ_YMMqq_YMMqq_YMMqq,-,no,0.333333333,1
VPSUBSB_XMMdq_XMMdq_XMMdq,-,no,0.5,1
VPSUBSB_XMMdq_XMMdq_MEMdq,-,no,0.5,7
VPSUBSB_YMMqq_YMMqq_YMMqq,-,no,0.5,1
VPSUBSB_YMMqq_YMMqq_MEMqq,-,no,0.5,8
VPSUBSW_XMMdq_XMMdq_MEMdq,-,no,0.5,7
VPSUBSW_XMMdq_XMMdq_XMMdq,-,no,0.5,1
VPSUBSW_YMMqq_YMMqq_YMMqq,-,no,0.5,1
VPSUBSW_YMMqq_YMMqq_MEMqq,-,no,0.5,8
VPSUBUSB_XMMdq_XMMdq_MEMdq,-,no,0.5,7
VPSUBUSB_XMMdq_XMMdq_XMMdq,-,no,0.5,1
VPSUBUSB_YMMqq_YMMqq_YMMqq,-,no,0.5,1
VPSUBUSB_YMMqq_YMMqq_MEMqq,-,no,0.5,8
VPSUBUSW_XMMdq_XMMdq_XMMdq,-,no,0.5,1
VPSUBUSW_XMMdq_XMMdq_MEMdq,-,no,0.5,7
VPSUBUSW_YMMqq_YMMqq_YMMqq,-,no,0.5,1
VPSUBUSW_YMMqq_YMMqq_MEMqq,-,no,0.5,8
VPSUBW_XMMdq_XMMdq_XMMdq,-,no,0.333333333,1
VPSUBW_XMMdq_XMMdq_MEMdq,-,no,0.333333333,7
VPSUBW_YMMqq_YMMqq_MEMqq,-,no,0.333333333,8
VPSUBW_YMMqq_YMMqq_YMMqq,-,no,0.333333333,1
VPTEST_XMMdq_XMMdq,-,no,1,4
VPTEST_XMMdq_MEMdq,-,no,1,
VPTEST_YMMqq_YMMqq,-,no,1,
VPTEST_YMMqq_MEMqq,-,no,1,
VPUNPCKHBW_XMMdq_XMMdq_XMMdq,-,no,0.5,1
VPUNPCKHBW_XMMdq_XMMdq_MEMdq,-,no,0.5,7
VPUNPCKHBW_YMMqq_YMMqq_MEMqq,-,no,0.5,8
VPUNPCKHBW_YMMqq_YMMqq_YMMqq,-,no,0.5,1
VPUNPCKHDQ_XMMdq_XMMdq_MEMdq,-,no,0.5,7
VPUNPCKHDQ_XMMdq_XMMdq_XMMdq,-,no,0.5,1
VPUNPCKHDQ_YMMqq_YMMqq_YMMqq,-,no,0.5,1
VPUNPCKHDQ_YMMqq_YMMqq_MEMqq,-,no,0.5,8
VPUNPCKHQDQ_XMMdq_XMMdq_MEMdq,-,no,0.5,7
VPUNPCKHQDQ_XMMdq_XMMdq_XMMdq,-,no,0.5,1
VPUNPCKHQDQ_YMMqq_YMMqq_YMMqq,-,no,0.5,1
VPUNPCKHQDQ_YMMqq_YMMqq_MEMqq,-,no,0.5,8
VPUNPCKHWD_XMMdq_XMMdq_XMMdq,-,no,0.5,1
VPUNPCKHWD_XMMdq_XMMdq_MEMdq,-,no,0.5,7
VPUNPCKHWD_YMMqq_YMMqq_YMMqq,-,no,0.5,1
VPUNPCKHWD_YMMqq_YMMqq_MEMqq,-,no,0.5,8
VPUNPCKLBW_XMMdq_XMMdq_XMMdq,-,no,0.5,1
VPUNPCKLBW_XMMdq_XMMdq_MEMdq,-,no,0.5,7
VPUNPCKLBW_YMMqq_YMMqq_YMMqq,-,no,0.5,1
VPUNPCKLBW_YMMqq_YMMqq_MEMqq,-,no,0.5,8
VPUNPCKLDQ_XMMdq_XMMdq_MEMdq,-,no,0.5,7
VPUNPCKLDQ_XMMdq_XMMdq_XMMdq,-,no,0.5,1
VPUNPCKLDQ_YMMqq_YMMqq_YMMqq,-,no,0.5,1
VPUNPCKLDQ_YMMqq_YMMqq_MEMqq,-,no,0.5,8
VPUNPCKLQDQ_XMMdq_XMMdq_XMMdq,-,no,0.5,1
VPUNPCKLQDQ_XMMdq_XMMdq_MEMdq,-,no,0.5,7
VPUNPCKLQDQ_YMMqq_YMMqq_YMMqq,-,no,0.5,1
VPUNPCKLQDQ_YMMqq_YMMqq_MEMqq,-,no,0.5,8
VPUNPCKLWD_XMMdq_XMMdq_XMMdq,-,no,0.5,1
VPUNPCKLWD_XMMdq_XMMdq_MEMdq,-,no,0.5,7
VPUNPCKLWD_YMMqq_YMMqq_YMMqq,-,no,0.5,1
VPUNPCKLWD_YMMqq_YMMqq_MEMqq,-,no,0.5,8
VPXOR_XMMdq_XMMdq_XMMdq,-,no,0.333333333,1
VPXOR_XMMdq_XMMdq_MEMdq,-,no,0.333333333,7
VPXOR_YMMqq_YMMqq_MEMqq,-,no,0.333333333,8
VPXOR_YMMqq_YMMqq_YMMqq,-,no,0.333333333,1
VRCPPS_XMMdq_MEMdq,-,no,1,10
VRCPPS_XMMdq_XMMdq,-,no,1,4
VRCPPS_YMMqq_YMMqq,-,no,1,4
VRCPPS_YMMqq_MEMqq,-,no,1,11
VRCPSS_XMMdq_XMMdq_XMMd,-,no,1,4
VRCPSS_XMMdq_XMMdq_MEMd,-,no,1,10
VROUNDPD_XMMdq_XMMdq_IMMb,-,no,1,8
VROUNDPD_XMMdq_MEMdq_IMMb,-,no,1,14
VROUNDPD_YMMqq_YMMqq_IMMb,-,no,1,8
VROUNDPD_YMMqq_MEMqq_IMMb,-,no,1,15
VROUNDPS_XMMdq_XMMdq_IMMb,-,no,1,8
VROUNDPS_XMMdq_MEMdq_IMMb,-,no,1,14
VROUNDPS_YMMqq_YMMqq_IMMb,-,no,1,8
VROUNDPS_YMMqq_MEMqq_IMMb,-,no,1,15
VROUNDSD_XMMdq_XMMdq_XMMq_IMMb,-,no,1,8
VROUNDSD_XMMdq_XMMdq_MEMq_IMMb,-,no,1,14
VROUNDSS_XMMdq_XMMdq_XMMd_IMMb,-,no,1,8
VROUNDSS_XMMdq_XMMdq_MEMd_IMMb,-,no,1,14
VRSQRTPS_XMMdq_XMMdq,-,no,1,4
VRSQRTPS_XMMdq_MEMdq,-,no,1,10
VRSQRTPS_YMMqq_YMMqq,-,no,1,4
VRSQRTPS_YMMqq_MEMqq,-,no,1,11
VRSQRTSS_XMMdq_XMMdq_XMMd,-,no,1,4
VRSQRTSS_XMMdq_XMMdq_MEMd,-,no,1,10
VSHUFPD_XMMdq_XMMdq_XMMdq_IMMb,-,no,0.5,1
VSHUFPD_XMMdq_XMMdq_MEMdq_IMMb,-,no,0.5,7
VSHUFPD_YMMqq_YMMqq_YMMqq_IMMb,-,no,0.5,1
VSHUFPD_YMMqq_YMMqq_MEMqq_IMMb,-,no,0.5,8
VSHUFPS_XMMdq_XMMdq_XMMdq_IMMb,-,no,0.5,1
VSHUFPS_XMMdq_XMMdq_MEMdq_IMMb,-,no,0.5,7
VSHUFPS_YMMqq_YMMqq_YMMqq_IMMb,-,no,0.5,1
VSHUFPS_YMMqq_YMMqq_MEMqq_IMMb,-,no,0.5,8
VSQRTPD_XMMdq_XMMdq,-,no,6,18
VSQRTPD_XMMdq_MEMdq,-,no,6,24
VSQRTPD_YMMqq_YMMqq,-,no,12,18
VSQRTPD_YMMqq_MEMqq,-,no,12,25
VSQRTPS_XMMdq_XMMdq,-,no,3,12
VSQRTPS_XMMdq_MEMdq,-,no,3,18
VSQRTPS_YMMqq_YMMqq,-,no,6,12
VSQRTPS_YMMqq_MEMqq,-,no,6,19
VSQRTSD_XMMdq_XMMdq_MEMq,-,no,6,24
VSQRTSD_XMMdq_XMMdq_XMMq,-,no,6,18
VSQRTSS_XMMdq_XMMdq_MEMd,-,no,3,18
VSQRTSS_XMMdq_XMMdq_XMMd,-,no,3,12
VSUBPD_XMMdq_XMMdq_XMMdq,-,no,0.5,2
VSUBPD_XMMdq_XMMdq_MEMdq,-,no,0.5,9
VSUBPD_YMMqq_YMMqq_YMMqq,-,no,0.5,2
VSUBPD_YMMqq_YMMqq_MEMqq,-,no,0.5,10
VSUBPS_XMMdq_XMMdq_MEMdq,-,no,0.5,9
VSUBPS_XMMdq_XMMdq_XMMdq,-,no,0.5,2
VSUBPS_YMMqq_YMMqq_YMMqq,-,no,0.5,2
VSUBPS_YMMqq_YMMqq_MEMqq,-,no,0.5,10
VSUBSD_XMMdq_XMMdq_XMMq,-,no,0.5,2
VSUBSD_XMMdq_XMMdq_MEMq,-,no,0.5,9
VSUBSS_XMMdq_XMMdq_XMMd,-,no,0.5,2
VSUBSS_XMMdq_XMMdq_MEMd,-,no,0.5,9
VTESTPD_XMMdq_XMMdq,-,no,1,
VTESTPD_XMMdq_MEMdq,-,no,1,
VTESTPD_YMMqq_YMMqq,-,no,1,5
VTESTPD_YMMqq_MEMqq,-,no,1,
VTESTPS_XMMdq_XMMdq,-,no,1,
VTESTPS_XMMdq_MEMdq,-,no,1,
VTESTPS_YMMqq_YMMqq,-,no,1,5
VTESTPS_YMMqq_MEMqq,-,no,1,
VUCOMISD_XMMdq_XMMq,-,no,1,3
VUCOMISD_XMMdq_MEMq,-,no,1,9
VUCOMISS_XMMdq_XMMd,-,no,1,3
VUCOMISS_XMMdq_MEMd,-,no,1,9
VUNPCKHPD_XMMdq_XMMdq_XMMdq,-,no,1,1
VUNPCKHPD_XMMdq_XMMdq_MEMdq,-,no,1,7
VUNPCKHPD_YMMqq_YMMqq_MEMqq,-,no,1,8
VUNPCKHPD_YMMqq_YMMqq_YMMqq,-,no,1,1
VUNPCKHPS_XMMdq_XMMdq_XMMdq,-,no,1,1
VUNPCKHPS_XMMdq_XMMdq_MEMdq,-,no,1,7
VUNPCKHPS_YMMqq_YMMqq_MEMqq,-,no,1,8
VUNPCKHPS_YMMqq_YMMqq_YMMqq,-,no,1,1
VUNPCKLPD_XMMdq_XMMdq_XMMdq,-,no,1,1
VUNPCKLPD_XMMdq_XMMdq_MEMdq,-,no,1,7
VUNPCKLPD_YMMqq_YMMqq_MEMqq,-,no,1,8
VUNPCKLPD_YMMqq_YMMqq_YMMqq,-,no,1,1
VUNPCKLPS_XMMdq_XMMdq_XMMdq,-,no,1,1
VUNPCKLPS_XMMdq_XMMdq_MEMdq,-,no,1,7
VUNPCKLPS_YMMqq_YMMqq_YMMqq,-,no,1,1
VUNPCKLPS_YMMqq_YMMqq_MEMqq,-,no,1,8
VXORPD_XMMdq_XMMdq_XMMdq,-,no,0.333333333,1
VXORPD_XMMdq_XMMdq_MEMdq,-,no,0.333333333,7
VXORPD_YMMqq_YMMqq_YMMqq,-,no,0.333333333,1
VXORPD_YMMqq_YMMqq_MEMqq,-,no,0.333333333,8
VXORPS_XMMdq_XMMdq_XMMdq,-,no,0.333333333,1
VXORPS_XMMdq_XMMdq_MEMdq,-,no,0.333333333,7
VXORPS_YMMqq_YMMqq_MEMqq,-,no,0.333333333,8
VXORPS_YMMqq_YMMqq_YMMqq,-,no,0.333333333,1
XADD_MEMb_GPR8,-,no,,7
XADD_MEMv_GPRv,32,no,,7
XADD_MEMv_GPRv,64,no,,7
XADD_GPRv_GPRv,32,no,0.6,2
XADD_GPRv_GPRv,64,no,0.6,2
XADD_MEMv_GPRv,16,no,,7
XCHG_GPR8_GPR8,-,no,,2
XCHG_GPRv_OrAX,64,no,,2
XCHG_GPRv_OrAX,32,no,,2
XCHG_GPRv_OrAX,16,no,,2
XOR_GPR8_IMMb_80r6,-,no,0.2,1
XOR_AL_IMMb,-,no,0.2,1
XOR_GPRv_GPRv_33,16,no,0.2,1
XOR_GPRv_IMMz,16,no,0.2,1
XOR_MEMb_IMMb_80r6,-,no,0.5,7
XOR_MEMb_GPR8,-,no,0.5,7
XOR_MEMv_GPRv,32,no,0.5,7
XOR_MEMv_IMMz,32,no,0.5,7
XOR_MEMv_IMMb,32,no,0.5,7
XOR_GPRv_MEMv,16,no,0.333333333,6
XOR_GPRv_GPRv_33,32,no,0.2,1
XOR_GPRv_IMMz,32,no,0.2,1
XOR_GPRv_MEMv,32,no,0.333333333,6
XOR_GPRv_IMMb,32,no,0.2,1
XOR_MEMv_IMMz,64,no,0.5,7
XOR_MEMv_IMMb,64,no,0.5,7
XOR_MEMv_GPRv,64,no,0.5,7
XOR_GPRv_GPRv_33,64,no,0.2,1
XOR_GPR8_MEMb,-,no,0.333333333,6
XOR_GPRv_GPRv_31,32,no,0.2,1
XOR_GPRv_GPRv_31,16,no,0.2,1
XOR_GPRv_MEMv,64,no,0.333333333,6
XOR_GPR8_GPR8_32,-,no,0.2,1
XOR_GPRv_IMMz,64,no,0.2,1
XOR_GPRv_IMMb,64,no,0.2,1
XOR_GPRv_GPRv_31,64,no,0.2,1
XOR_GPRv_IMMb,16,no,0.2,1
XOR_GPR8_GPR8_30,-,no,0.2,1
XOR_MEMv_GPRv,16,no,0.5,7
XOR_MEMv_IMMz,16,no,0.5,7
XOR_MEMv_IMMb,16,no,0.5,7
XORPD_XMMxuq_XMMxuq,-,no,0.333333333,1
XORPD_XMMxuq_MEMxuq,-,no,0.333333333,7
XORPS_XMMxud_XMMxud,-,no,0.333333333,1
XORPS_XMMxud_MEMxud,-,no,0.333333333,7
LAT good:2634,,,,
LAT missing:174,,,,
TPT good:2779,,,,
TPT missing:29,,,,
